Released_Year,Certificate,Runtime,IMDB_Rating,Meta_score,Director,Star1,Star2,Star3,Star4,No_of_Votes
1994,A,142 min,9.3,80,Frank Darabont,Tim Robbins,Morgan Freeman,Bob Gunton,William Sadler,2343110
1972,A,175 min,9.2,100,Francis Ford Coppola,Marlon Brando,Al Pacino,James Caan,Diane Keaton,1620367
2008,UA,152 min,9,84,Christopher Nolan,Christian Bale,Heath Ledger,Aaron Eckhart,Michael Caine,2303232
1974,A,202 min,9,90,Francis Ford Coppola,Al Pacino,Robert De Niro,Robert Duvall,Diane Keaton,1129952
1957,U,96 min,9,96,Sidney Lumet,Henry Fonda,Lee J. Cobb,Martin Balsam,John Fiedler,689845
2003,U,201 min,8.9,94,Peter Jackson,Elijah Wood,Viggo Mortensen,Ian McKellen,Orlando Bloom,1642758
1994,A,154 min,8.9,94,Quentin Tarantino,John Travolta,Uma Thurman,Samuel L. Jackson,Bruce Willis,1826188
1993,A,195 min,8.9,94,Steven Spielberg,Liam Neeson,Ralph Fiennes,Ben Kingsley,Caroline Goodall,1213505
2010,UA,148 min,8.8,74,Christopher Nolan,Leonardo DiCaprio,Joseph Gordon-Levitt,Elliot Page,Ken Watanabe,2067042
1999,A,139 min,8.8,66,David Fincher,Brad Pitt,Edward Norton,Meat Loaf,Zach Grenier,1854740
2001,U,178 min,8.8,92,Peter Jackson,Elijah Wood,Ian McKellen,Orlando Bloom,Sean Bean,1661481
1994,UA,142 min,8.8,82,Robert Zemeckis,Tom Hanks,Robin Wright,Gary Sinise,Sally Field,1809221
1966,A,161 min,8.8,90,Sergio Leone,Clint Eastwood,Eli Wallach,Lee Van Cleef,Aldo Giuffrè,688390
2002,UA,179 min,8.7,87,Peter Jackson,Elijah Wood,Ian McKellen,Viggo Mortensen,Orlando Bloom,1485555
1999,A,136 min,8.7,73,Lana Wachowski,Lilly Wachowski,Keanu Reeves,Laurence Fishburne,Carrie-Anne Moss,1676426
1990,A,146 min,8.7,90,Martin Scorsese,Robert De Niro,Ray Liotta,Joe Pesci,Lorraine Bracco,1020727
1980,UA,124 min,8.7,82,Irvin Kershner,Mark Hamill,Harrison Ford,Carrie Fisher,Billy Dee Williams,1159315
1975,A,133 min,8.7,83,Milos Forman,Jack Nicholson,Louise Fletcher,Michael Berryman,Peter Brocco,918088
2020,PG-13,160 min,8.6,90,Thomas Kail,Lin-Manuel Miranda,Phillipa Soo,Leslie Odom Jr.,Renée Elise Goldsberry,55291
2019,A,132 min,8.6,96,Bong Joon Ho,Kang-ho Song,Lee Sun-kyun,Cho Yeo-jeong,Choi Woo-sik,552778
2020,U,153 min,8.6,,Sudha Kongara,Suriya,Madhavan,Paresh Rawal,Aparna Balamurali,54995
2014,UA,169 min,8.6,74,Christopher Nolan,Matthew McConaughey,Anne Hathaway,Jessica Chastain,Mackenzie Foy,1512360
2002,A,130 min,8.6,79,Fernando Meirelles,Kátia Lund,Alexandre Rodrigues,Leandro Firmino,Matheus Nachtergaele,699256
2001,U,125 min,8.6,96,Hayao Miyazaki,Daveigh Chase,Suzanne Pleshette,Miyu Irino,Rumi Hiiragi,651376
1998,R,169 min,8.6,91,Steven Spielberg,Tom Hanks,Matt Damon,Tom Sizemore,Edward Burns,1235804
1999,A,189 min,8.6,61,Frank Darabont,Tom Hanks,Michael Clarke Duncan,David Morse,Bonnie Hunt,1147794
1997,U,116 min,8.6,59,Roberto Benigni,Roberto Benigni,Nicoletta Braschi,Giorgio Cantarini,Giustino Durano,623629
1995,A,127 min,8.6,65,David Fincher,Morgan Freeman,Brad Pitt,Kevin Spacey,Andrew Kevin Walker,1445096
1991,A,118 min,8.6,85,Jonathan Demme,Jodie Foster,Anthony Hopkins,Lawrence A. Bonney,Kasi Lemmons,1270197
1977,UA,121 min,8.6,90,George Lucas,Mark Hamill,Harrison Ford,Carrie Fisher,Alec Guinness,1231473
1962,,133 min,8.6,85,Masaki Kobayashi,Tatsuya Nakadai,Akira Ishihama,Shima Iwashita,Tetsurô Tanba,42004
1954,U,207 min,8.6,98,Akira Kurosawa,Toshirô Mifune,Takashi Shimura,Keiko Tsushima,Yukiko Shimazaki,315744
1946,PG,130 min,8.6,89,Frank Capra,James Stewart,Donna Reed,Lionel Barrymore,Thomas Mitchell,405801
2019,A,122 min,8.5,59,Todd Phillips,Joaquin Phoenix,Robert De Niro,Zazie Beetz,Frances Conroy,939252
2014,A,106 min,8.5,88,Damien Chazelle,Miles Teller,J.K. Simmons,Melissa Benoist,Paul Reiser,717585
2011,UA,112 min,8.5,57,Olivier Nakache,Éric Toledano,François Cluzet,Omar Sy,Anne Le Ny,760360
2006,U,130 min,8.5,66,Christopher Nolan,Christian Bale,Hugh Jackman,Scarlett Johansson,Michael Caine,1190259
2006,A,151 min,8.5,85,Martin Scorsese,Leonardo DiCaprio,Matt Damon,Jack Nicholson,Mark Wahlberg,1189773
2002,R,150 min,8.5,85,Roman Polanski,Adrien Brody,Thomas Kretschmann,Frank Finlay,Emilia Fox,729603
2000,UA,155 min,8.5,67,Ridley Scott,Russell Crowe,Joaquin Phoenix,Connie Nielsen,Oliver Reed,1341460
1998,R,119 min,8.5,62,Tony Kaye,Edward Norton,Edward Furlong,Beverly D'Angelo,Jennifer Lien,1034705
1995,A,106 min,8.5,77,Bryan Singer,Kevin Spacey,Gabriel Byrne,Chazz Palminteri,Stephen Baldwin,991208
1994,A,110 min,8.5,64,Luc Besson,Jean Reno,Gary Oldman,Natalie Portman,Danny Aiello,1035236
1994,U,88 min,8.5,88,Roger Allers,Rob Minkoff,Matthew Broderick,Jeremy Irons,James Earl Jones,942045
1991,U,137 min,8.5,75,James Cameron,Arnold Schwarzenegger,Linda Hamilton,Edward Furlong,Robert Patrick,995506
1988,U,155 min,8.5,80,Giuseppe Tornatore,Philippe Noiret,Enzo Cannavale,Antonella Attili,Isa Danieli,230763
1988,U,89 min,8.5,94,Isao Takahata,Tsutomu Tatsumi,Ayano Shiraishi,Akemi Yamaguchi,Yoshiko Shinohara,235231
1985,U,116 min,8.5,87,Robert Zemeckis,Michael J. Fox,Christopher Lloyd,Lea Thompson,Crispin Glover,1058081
1968,U,165 min,8.5,80,Sergio Leone,Henry Fonda,Charles Bronson,Claudia Cardinale,Jason Robards,302844
1960,A,109 min,8.5,97,Alfred Hitchcock,Anthony Perkins,Janet Leigh,Vera Miles,John Gavin,604211
1942,U,102 min,8.5,100,Michael Curtiz,Humphrey Bogart,Ingrid Bergman,Paul Henreid,Claude Rains,522093
1936,G,87 min,8.5,96,Charles Chaplin,Charles Chaplin,Paulette Goddard,Henry Bergman,Tiny Sandford,217881
1931,G,87 min,8.5,99,Charles Chaplin,Charles Chaplin,Virginia Cherrill,Florence Lee,Harry Myers,167839
2018,A,126 min,8.4,75,Nadine Labaki,Zain Al Rafeea,Yordanos Shiferaw,Boluwatife Treasure Bankole,Kawsar Al Haddad,62635
2017,,125 min,8.4,,Can Ulkay,Erdem Can,Çetin Tekindor,Ismail Hacioglu,Kyung-jin Lee,34112
2017,UA,147 min,8.4,,Gayatri,Pushkar,Madhavan,Vijay Sethupathi,Shraddha Srinath,28401
2016,U,106 min,8.4,79,Makoto Shinkai,Ryûnosuke Kamiki,Mone Kamishiraishi,Ryô Narita,Aoi Yûki,194838
2016,U,161 min,8.4,,Nitesh Tiwari,Aamir Khan,Sakshi Tanwar,Fatima Sana Shaikh,Sanya Malhotra,156479
2018,U,117 min,8.4,87,Bob Persichetti,Peter Ramsey,Rodney Rothman,Shameik Moore,Jake Johnson,375110
2019,UA,181 min,8.4,78,Anthony Russo,Joe Russo,Robert Downey Jr.,Chris Evans,Mark Ruffalo,809955
2018,UA,149 min,8.4,68,Anthony Russo,Joe Russo,Robert Downey Jr.,Chris Hemsworth,Mark Ruffalo,834477
2017,U,105 min,8.4,81,Lee Unkrich,Adrian Molina,Anthony Gonzalez,Gael García Bernal,Benjamin Bratt,384171
2012,A,165 min,8.4,81,Quentin Tarantino,Jamie Foxx,Christoph Waltz,Leonardo DiCaprio,Kerry Washington,1357682
2012,UA,164 min,8.4,78,Christopher Nolan,Christian Bale,Tom Hardy,Anne Hathaway,Gary Oldman,1516346
2009,UA,170 min,8.4,67,Rajkumar Hirani,Aamir Khan,Madhavan,Mona Singh,Sharman Joshi,344445
2007,U,165 min,8.4,,Aamir Khan,Amole Gupte,Darsheel Safary,Aamir Khan,Tisca Chopra,168895
2008,U,98 min,8.4,95,Andrew Stanton,Ben Burtt,Elissa Knight,Jeff Garlin,Fred Willard,999790
2006,A,137 min,8.4,89,Florian Henckel von Donnersmarck,Ulrich Mühe,Martina Gedeck,Sebastian Koch,Ulrich Tukur,358685
2003,A,101 min,8.4,77,Chan-wook Park,Choi Min-sik,Yoo Ji-Tae,Kang Hye-jeong,Kim Byeong-Ok,515451
2000,UA,113 min,8.4,80,Christopher Nolan,Guy Pearce,Carrie-Anne Moss,Joe Pantoliano,Mark Boone Junior,1125712
1997,U,134 min,8.4,76,Hayao Miyazaki,Yôji Matsuda,Yuriko Ishida,Yûko Tanaka,Billy Crudup,343171
1984,A,229 min,8.4,,Sergio Leone,Robert De Niro,James Woods,Elizabeth McGovern,Treat Williams,311365
1981,A,115 min,8.4,85,Steven Spielberg,Harrison Ford,Karen Allen,Paul Freeman,John Rhys-Davies,884112
1980,A,146 min,8.4,66,Stanley Kubrick,Jack Nicholson,Shelley Duvall,Danny Lloyd,Scatman Crothers,898237
1979,R,147 min,8.4,94,Francis Ford Coppola,Martin Sheen,Marlon Brando,Robert Duvall,Frederic Forrest,606398
1979,R,117 min,8.4,89,Ridley Scott,Sigourney Weaver,Tom Skerritt,John Hurt,Veronica Cartwright,787806
1971,U,122 min,8.4,,Hrishikesh Mukherjee,Rajesh Khanna,Amitabh Bachchan,Sumita Sanyal,Ramesh Deo,30273
1963,,143 min,8.4,,Akira Kurosawa,Toshirô Mifune,Yutaka Sada,Tatsuya Nakadai,Kyôko Kagawa,34357
1964,A,95 min,8.4,97,Stanley Kubrick,Peter Sellers,George C. Scott,Sterling Hayden,Keenan Wynn,450474
1957,U,116 min,8.4,,Billy Wilder,Tyrone Power,Marlene Dietrich,Charles Laughton,Elsa Lanchester,108862
1957,A,88 min,8.4,90,Stanley Kubrick,Kirk Douglas,Ralph Meeker,Adolphe Menjou,George Macready,178092
1954,U,112 min,8.4,100,Alfred Hitchcock,James Stewart,Grace Kelly,Wendell Corey,Thelma Ritter,444074
1950,Passed,110 min,8.4,,Billy Wilder,William Holden,Gloria Swanson,Erich von Stroheim,Nancy Olson,201632
1940,Passed,125 min,8.4,,Charles Chaplin,Charles Chaplin,Paulette Goddard,Jack Oakie,Reginald Gardiner,203150
2019,R,119 min,8.3,78,Sam Mendes,Dean-Charles Chapman,George MacKay,Daniel Mays,Colin Firth,425844
2018,A,104 min,8.3,,Rahi Anil Barve,Anand Gandhi,Adesh Prasad,Sohum Shah,Jyoti Malshe,27793
2018,UA,139 min,8.3,,Sriram Raghavan,Ayushmann Khurrana,Tabu,Radhika Apte,Anil Dhawan,71875
2013,U,160 min,8.3,,Jeethu Joseph,Mohanlal,Meena,Asha Sharath,Ansiba,30722
2012,R,115 min,8.3,77,Thomas Vinterberg,Mads Mikkelsen,Thomas Bo Larsen,Annika Wedderkopp,Lasse Fogelstrøm,281623
2011,PG-13,123 min,8.3,95,Asghar Farhadi,Payman Maadi,Leila Hatami,Sareh Bayat,Shahab Hosseini,220002
2010,R,131 min,8.3,80,Denis Villeneuve,Lubna Azabal,Mélissa Désormeaux-Poulin,Maxim Gaudette,Mustafa Kamel,150023
2019,TV-14,132 min,8.3,,Mehmet Ada Öztekin,Aras Bulut Iynemli,Nisa Sofiya Aksongur,Deniz Baysal,Celile Toyon Uysal,33935
2005,,112 min,8.3,,Çagan Irmak,Çetin Tekindor,Fikret Kuskan,Hümeyra,Ege Tanman,78925
2009,A,153 min,8.3,69,Quentin Tarantino,Brad Pitt,Diane Kruger,Eli Roth,Mélanie Laurent,1267869
2004,UA,108 min,8.3,89,Michel Gondry,Jim Carrey,Kate Winslet,Tom Wilkinson,Gerry Robert Byrne,911664
2001,U,122 min,8.3,69,Jean-Pierre Jeunet,Audrey Tautou,Mathieu Kassovitz,Rufus,Lorella Cravotta,703810
2000,UA,104 min,8.3,55,Guy Ritchie,Jason Statham,Brad Pitt,Benicio Del Toro,Dennis Farina,782001
2000,A,102 min,8.3,68,Darren Aronofsky,Ellen Burstyn,Jared Leto,Jennifer Connelly,Marlon Wayans,766870
1999,UA,122 min,8.3,84,Sam Mendes,Kevin Spacey,Annette Bening,Thora Birch,Wes Bentley,1069738
1997,U,126 min,8.3,70,Gus Van Sant,Robin Williams,Matt Damon,Ben Affleck,Stellan Skarsgård,861606
1997,PG,89 min,8.3,77,Majid Majidi,Mohammad Amir Naji,Amir Farrokh Hashemian,Bahare Seddiqi,Nafise Jafar-Mohammadi,65341
1995,U,81 min,8.3,95,John Lasseter,Tom Hanks,Tim Allen,Don Rickles,Jim Varney,887429
1995,A,178 min,8.3,68,Mel Gibson,Mel Gibson,Sophie Marceau,Patrick McGoohan,Angus Macfadyen,959181
1992,R,99 min,8.3,79,Quentin Tarantino,Harvey Keitel,Tim Roth,Michael Madsen,Chris Penn,918562
1987,UA,116 min,8.3,76,Stanley Kubrick,Matthew Modine,R. Lee Ermey,Vincent D'Onofrio,Adam Baldwin,675146
1985,A,142 min,8.3,,Elem Klimov,Aleksey Kravchenko,Olga Mironova,Liubomiras Laucevicius,Vladas Bagdonas,59056
1986,U,137 min,8.3,84,James Cameron,Sigourney Weaver,Michael Biehn,Carrie Henn,Paul Reiser,652719
1984,R,160 min,8.3,88,Milos Forman,F. Murray Abraham,Tom Hulce,Elizabeth Berridge,Roy Dotrice,369007
1983,A,170 min,8.3,65,Brian De Palma,Al Pacino,Michelle Pfeiffer,Steven Bauer,Mary Elizabeth Mastrantonio,740911
1983,U,131 min,8.3,58,Richard Marquand,Mark Hamill,Harrison Ford,Carrie Fisher,Billy Dee Williams,950470
1981,R,149 min,8.3,86,Wolfgang Petersen,Jürgen Prochnow,Herbert Grönemeyer,Klaus Wennemann,Hubertus Bengsch,231855
1976,A,114 min,8.3,94,Martin Scorsese,Robert De Niro,Jodie Foster,Cybill Shepherd,Albert Brooks,724636
1973,U,129 min,8.3,83,George Roy Hill,Paul Newman,Robert Redford,Robert Shaw,Charles Durning,241513
1971,A,136 min,8.3,77,Stanley Kubrick,Malcolm McDowell,Patrick Magee,Michael Bates,Warren Clarke,757904
1968,U,149 min,8.3,84,Stanley Kubrick,Keir Dullea,Gary Lockwood,William Sylvester,Daniel Richter,603517
1965,U,132 min,8.3,74,Sergio Leone,Clint Eastwood,Lee Van Cleef,Gian Maria Volontè,Mara Krupp,232772
1962,U,228 min,8.3,100,David Lean,Peter O'Toole,Alec Guinness,Anthony Quinn,Jack Hawkins,268085
1960,U,125 min,8.3,94,Billy Wilder,Jack Lemmon,Shirley MacLaine,Fred MacMurray,Ray Walston,164363
1959,U,136 min,8.3,98,Alfred Hitchcock,Cary Grant,Eva Marie Saint,James Mason,Jessie Royce Landis,299198
1958,A,128 min,8.3,100,Alfred Hitchcock,James Stewart,Kim Novak,Barbara Bel Geddes,Tom Helmore,364368
1952,G,103 min,8.3,99,Stanley Donen,Gene Kelly,Gene Kelly,Donald O'Connor,Debbie Reynolds,218957
1952,,143 min,8.3,,Akira Kurosawa,Takashi Shimura,Nobuo Kaneko,Shin'ichi Himori,Haruo Tanaka,68463
1948,,89 min,8.3,,Vittorio De Sica,Lamberto Maggiorani,Enzo Staiola,Lianella Carell,Elena Altieri,146427
1944,Passed,107 min,8.3,95,Billy Wilder,Fred MacMurray,Barbara Stanwyck,Edward G. Robinson,Byron Barr,143525
1941,UA,119 min,8.3,100,Orson Welles,Orson Welles,Joseph Cotten,Dorothy Comingore,Agnes Moorehead,403351
1931,Passed,117 min,8.3,,Fritz Lang,Peter Lorre,Ellen Widmann,Inge Landgut,Otto Wernicke,143434
1927,,153 min,8.3,98,Fritz Lang,Brigitte Helm,Alfred Abel,Gustav Fröhlich,Rudolf Klein-Rogge,159992
1921,Passed,68 min,8.3,,Charles Chaplin,Charles Chaplin,Edna Purviance,Jackie Coogan,Carl Miller,113314
2019,UA,143 min,8.2,,Nitesh Tiwari,Sushant Singh Rajput,Shraddha Kapoor,Varun Sharma,Prateik,33893
2018,UA,138 min,8.2,,Aditya Dhar,Vicky Kaushal,Paresh Rawal,Mohit Raina,Yami Gautam,43444
2018,UA,156 min,8.2,,Prashanth Neel,Yash,Srinidhi Shetty,Ramachandra Raju,Archana Jois,36680
2018,UA,130 min,8.2,69,Peter Farrelly,Viggo Mortensen,Mahershala Ali,Linda Cardellini,Sebastian Maniscalco,377884
2017,A,115 min,8.2,88,Martin McDonagh,Frances McDormand,Woody Harrelson,Sam Rockwell,Caleb Landry Jones,432610
2015,UA,132 min,8.2,,Meghna Gulzar,Irrfan Khan,Konkona Sen Sharma,Neeraj Kabi,Sohum Shah,31142
2017,UA,167 min,8.2,,S.S. Rajamouli,Prabhas,Rana Daggubati,Anushka Shetty,Tamannaah Bhatia,75348
2019,PG,96 min,8.2,65,Sergio Pablos,Carlos Martínez López,Jason Schwartzman,J.K. Simmons,Rashida Jones,104761
2015,UA,163 min,8.2,,Nishikant Kamat,Ajay Devgn,Shriya Saran,Tabu,Rajat Kapoor,70367
2013,UA,146 min,8.2,,Vikas Bahl,Kangana Ranaut,Rajkummar Rao,Lisa Haydon,Jeffrey Ho,60701
2013,,87 min,8.2,73,Zaza Urushadze,Lembit Ulfsak,Elmo Nüganen,Giorgi Nakashidze,Misha Meskhi,40382
2013,U,186 min,8.2,,Rakeysh Omprakash Mehra,Farhan Akhtar,Sonam Kapoor,Pawan Malhotra,Art Malik,61137
2012,A,321 min,8.2,89,Anurag Kashyap,Manoj Bajpayee,Richa Chadha,Nawazuddin Siddiqui,Tigmanshu Dhulia,82365
2010,UA,134 min,8.2,,Vikramaditya Motwane,Rajat Barmecha,Ronit Roy,Manjot Singh,Ram Kapoor,42341
2012,UA,135 min,8.2,,Tigmanshu Dhulia,Irrfan Khan,Mahie Gill,Rajesh Abhay,Hemendra Dandotiya,33237
2009,R,129 min,8.2,80,Juan José Campanella,Ricardo Darín,Soledad Villamil,Pablo Rago,Carla Quevedo,193217
2011,UA,140 min,8.2,71,Gavin O'Connor,Tom Hardy,Nick Nolte,Joel Edgerton,Jennifer Morrison,435950
2010,A,138 min,8.2,63,Martin Scorsese,Leonardo DiCaprio,Emily Mortimer,Mark Ruffalo,Ben Kingsley,1129894
2009,U,96 min,8.2,88,Pete Docter,Bob Peterson,Edward Asner,Jordan Nagai,John Ratzenberger,935507
2013,A,180 min,8.2,75,Martin Scorsese,Leonardo DiCaprio,Jonah Hill,Margot Robbie,Matthew McConaughey,1187498
2007,U,153 min,8.2,68,Shimit Amin,Shah Rukh Khan,Vidya Malvade,Sagarika Ghatge,Shilpa Shukla,74129
2007,A,158 min,8.2,93,Paul Thomas Anderson,Daniel Day-Lewis,Paul Dano,Ciarán Hinds,Martin Stringer,517359
2006,UA,118 min,8.2,98,Guillermo del Toro,Ivana Baquero,Ariadna Gil,Sergi López,Maribel Verdú,618623
2010,U,103 min,8.2,92,Lee Unkrich,Tom Hanks,Tim Allen,Joan Cusack,Ned Beatty,757032
2005,A,132 min,8.2,62,James McTeigue,Hugo Weaving,Natalie Portman,Rupert Graves,Stephen Rea,1032749
2006,UA,167 min,8.2,,Rakeysh Omprakash Mehra,Aamir Khan,Soha Ali Khan,Siddharth,Sharman Joshi,111937
2005,U,122 min,8.2,,Sanjay Leela Bhansali,Amitabh Bachchan,Rani Mukerji,Shernaz Patel,Ayesha Kapoor,33354
2005,UA,140 min,8.2,70,Christopher Nolan,Christian Bale,Michael Caine,Ken Watanabe,Liam Neeson,1308302
2004,U,210 min,8.2,,Ashutosh Gowariker,Shah Rukh Khan,Gayatri Joshi,Kishori Ballal,Smit Sheth,83005
2004,R,156 min,8.2,82,Oliver Hirschbiegel,Bruno Ganz,Alexandra Maria Lara,Ulrich Matthes,Juliane Köhler,331308
2004,U,119 min,8.2,80,Hayao Miyazaki,Chieko Baishô,Takuya Kimura,Tatsuya Gashûin,Akihiro Miwa,333915
2001,UA,135 min,8.2,72,Ron Howard,Russell Crowe,Ed Harris,Jennifer Connelly,Christopher Plummer,848920
2000,U,156 min,8.2,,Priyadarshan,Akshay Kumar,Sunil Shetty,Paresh Rawal,Tabu,57057
1998,A,107 min,8.2,66,Guy Ritchie,Jason Flemyng,Dexter Fletcher,Nick Moran,Jason Statham,535216
1997,A,138 min,8.2,90,Curtis Hanson,Kevin Spacey,Russell Crowe,Guy Pearce,Kim Basinger,531967
1996,,128 min,8.2,,Yavuz Turgul,Sener Sen,Ugur Yücel,Sermin Hürmeriç,Yesim Salkim,64118
1995,A,170 min,8.2,76,Michael Mann,Al Pacino,Robert De Niro,Val Kilmer,Jon Voight,577113
1995,A,178 min,8.2,73,Martin Scorsese,Robert De Niro,Sharon Stone,Joe Pesci,James Woods,466276
1994,U,160 min,8.2,,Rajkumar Santoshi,Aamir Khan,Salman Khan,Raveena Tandon,Karisma Kapoor,49300
1992,A,130 min,8.2,85,Clint Eastwood,Clint Eastwood,Gene Hackman,Morgan Freeman,Richard Harris,375935
1989,U,127 min,8.2,65,Steven Spielberg,Harrison Ford,Sean Connery,Alison Doody,Denholm Elliott,692366
1988,R,142 min,8.2,,Emir Kusturica,Davor Dujmovic,Bora Todorovic,Ljubica Adzovic,Husnija Hasimovic,26402
1988,U,86 min,8.2,86,Hayao Miyazaki,Hitoshi Takagi,Noriko Hidaka,Chika Sakamoto,Shigesato Itoi,291180
1988,A,132 min,8.2,72,John McTiernan,Bruce Willis,Alan Rickman,Bonnie Bedelia,Reginald VelJohnson,793164
1985,U,162 min,8.2,96,Akira Kurosawa,Tatsuya Nakadai,Akira Terao,Jinpachi Nezu,Daisuke Ryû,112505
1980,A,129 min,8.2,89,Martin Scorsese,Robert De Niro,Cathy Moriarty,Joe Pesci,Frank Vincent,321860
1979,U,162 min,8.2,,Andrei Tarkovsky,Alisa Freyndlikh,Aleksandr Kaydanovskiy,Anatoliy Solonitsyn,Nikolay Grinko,116945
1978,U,99 min,8.2,,Ingmar Bergman,Ingrid Bergman,Liv Ullmann,Lena Nyman,Halvar Björk,26875
1976,PG,177 min,8.2,,Moustapha Akkad,Anthony Quinn,Irene Papas,Michael Ansara,Johnny Sekka,43885
1975,U,204 min,8.2,,Ramesh Sippy,Sanjeev Kumar,Dharmendra,Amitabh Bachchan,Amjad Khan,51284
1975,PG,91 min,8.2,91,Terry Gilliam,Terry Jones,Graham Chapman,John Cleese,Eric Idle,500875
1963,U,172 min,8.2,86,John Sturges,Steve McQueen,James Garner,Richard Attenborough,Charles Bronson,224730
1962,U,129 min,8.2,88,Robert Mulligan,Gregory Peck,John Megna,Frank Overton,Rosemary Murphy,293811
1961,,110 min,8.2,,Akira Kurosawa,Toshirô Mifune,Eijirô Tôno,Tatsuya Nakadai,Yôko Tsukasa,111244
1961,A,179 min,8.2,60,Stanley Kramer,Spencer Tracy,Burt Lancaster,Richard Widmark,Marlene Dietrich,69458
1959,U,121 min,8.2,98,Billy Wilder,Marilyn Monroe,Tony Curtis,Jack Lemmon,George Raft,243943
1957,U,91 min,8.2,88,Ingmar Bergman,Victor Sjöström,Bibi Andersson,Ingrid Thulin,Gunnar Björnstrand,96381
1957,A,96 min,8.2,88,Ingmar Bergman,Max von Sydow,Gunnar Björnstrand,Bengt Ekerot,Nils Poppe,164939
1955,,118 min,8.2,97,Jules Dassin,Jean Servais,Carl Möhner,Robert Manuel,Janine Darcey,28810
1954,A,105 min,8.2,75,Alfred Hitchcock,Ray Milland,Grace Kelly,Robert Cummings,John Williams,158335
1953,U,136 min,8.2,,Yasujirô Ozu,Chishû Ryû,Chieko Higashiyama,Sô Yamamura,Setsuko Hara,53153
1950,,88 min,8.2,98,Akira Kurosawa,Toshirô Mifune,Machiko Kyô,Masayuki Mori,Takashi Shimura,152572
1950,Passed,138 min,8.2,98,Joseph L. Mankiewicz,Bette Davis,Anne Baxter,George Sanders,Celeste Holm,120539
1948,Passed,126 min,8.2,98,John Huston,Humphrey Bogart,Walter Huston,Tim Holt,Bruce Bennett,114304
1942,Passed,99 min,8.2,86,Ernst Lubitsch,Carole Lombard,Jack Benny,Robert Stack,Felix Bressart,29915
1925,Passed,95 min,8.2,,Charles Chaplin,Charles Chaplin,Mack Swain,Tom Murray,Henry Bergman,101053
1924,Passed,45 min,8.2,,Buster Keaton,Buster Keaton,Kathryn McGuire,Joe Keaton,Erwin Connelly,41985
2019,R,122 min,8.1,95,Céline Sciamma,Noémie Merlant,Adèle Haenel,Luàna Bajrami,Valeria Golino,63134
2016,UA,136 min,8.1,,Aniruddha Roy Chowdhury,Taapsee Pannu,Amitabh Bachchan,Kirti Kulhari,Andrea Tariang,39216
2016,16,130 min,8.1,78,Naoko Yamada,Miyu Irino,Saori Hayami,Aoi Yûki,Kenshô Ono,47708
2016,TV-MA,106 min,8.1,,Oriol Paulo,Mario Casas,Ana Wagener,Jose Coronado,Bárbara Lennie,141516
2016,A,145 min,8.1,84,Chan-wook Park,Kim Min-hee,Jung-woo Ha,Cho Jin-woong,Moon So-Ri,113649
2014,R,139 min,8.1,74,Xavier Dolan,Anne Dorval,Antoine Olivier Pilon,Suzanne Clément,Patrick Huard,50700
2014,UA,160 min,8.1,,Vishal Bhardwaj,Shahid Kapoor,Tabu,Shraddha Kapoor,Kay Kay Menon,50445
2017,A,137 min,8.1,77,James Mangold,Hugh Jackman,Patrick Stewart,Dafne Keen,Boyd Holbrook,647884
2015,R,118 min,8.1,86,Lenny Abrahamson,Brie Larson,Jacob Tremblay,Sean Bridgers,Wendy Crewson,371538
2014,R,122 min,8.1,77,Damián Szifron,Darío Grandinetti,María Marull,Mónica Villa,Diego Starosta,177059
2020,U,100 min,8.1,83,Pete Docter,Kemp Powers,Jamie Foxx,Tina Fey,Graham Norton,159171
2014,,196 min,8.1,88,Nuri Bilge Ceylan,Haluk Bilginer,Melisa Sözen,Demet Akbag,Ayberk Pekcan,46547
2014,UA,153 min,8.1,,Rajkumar Hirani,Aamir Khan,Anushka Sharma,Sanjay Dutt,Boman Irani,163061
2012,U,125 min,8.1,,Umesh Shukla,Paresh Rawal,Akshay Kumar,Mithun Chakraborty,Mahesh Manjrekar,51739
2014,UA,99 min,8.1,88,Wes Anderson,Ralph Fiennes,F. Murray Abraham,Mathieu Amalric,Adrien Brody,707630
2014,A,149 min,8.1,79,David Fincher,Ben Affleck,Rosamund Pike,Neil Patrick Harris,Tyler Perry,859695
2012,U,117 min,8.1,71,Mamoru Hosoda,Aoi Miyazaki,Takao Osawa,Haru Kuroki,Yukito Nishii,38803
2016,A,139 min,8.1,71,Mel Gibson,Andrew Garfield,Sam Worthington,Luke Bracey,Teresa Palmer,435928
2015,U,95 min,8.1,94,Pete Docter,Ronnie Del Carmen,Amy Poehler,Bill Hader,Lewis Black,616228
2012,U,151 min,8.1,,Anurag Basu,Ranbir Kapoor,Priyanka Chopra,Ileana D'Cruz,Saurabh Shukla,75721
2013,A,134 min,8.1,96,Steve McQueen,Chiwetel Ejiofor,Michael Kenneth Williams,Michael Fassbender,Brad Pitt,640533
2013,UA,123 min,8.1,74,Ron Howard,Daniel Brühl,Chris Hemsworth,Olivia Wilde,Alexandra Maria Lara,432811
2019,UA,152 min,8.1,81,James Mangold,Matt Damon,Christian Bale,Jon Bernthal,Caitriona Balfe,291289
2015,A,129 min,8.1,93,Tom McCarthy,Mark Ruffalo,Michael Keaton,Rachel McAdams,Liev Schreiber,420316
2014,PG,93 min,8.1,85,Tomm Moore,David Rawle,Brendan Gleeson,Lisa Hannigan,Fionnula Flanagan,51679
2012,UA,122 min,8.1,,Sujoy Ghosh,Vidya Balan,Parambrata Chattopadhyay,Indraneil Sengupta,Nawazuddin Siddiqui,57806
2011,U,155 min,8.1,,Zoya Akhtar,Hrithik Roshan,Farhan Akhtar,Abhay Deol,Katrina Kaif,67927
2013,A,153 min,8.1,70,Denis Villeneuve,Hugh Jackman,Jake Gyllenhaal,Viola Davis,Melissa Leo,601149
2015,UA,120 min,8.1,90,George Miller,Tom Hardy,Charlize Theron,Nicholas Hoult,Zoë Kravitz,882316
2008,UA,104 min,8.1,,Neeraj Pandey,Anupam Kher,Naseeruddin Shah,Jimmy Sheirgill,Aamir Bashir,73891
2008,R,116 min,8.1,72,Clint Eastwood,Clint Eastwood,Bee Vang,Christopher Carley,Ahney Her,720450
2011,UA,130 min,8.1,85,David Yates,Daniel Radcliffe,Emma Watson,Rupert Grint,Michael Gambon,764493
2008,PG-13,130 min,8.1,68,Yôjirô Takita,Masahiro Motoki,Ryôko Hirosue,Tsutomu Yamazaki,Kazuko Yoshiyuki,48582
2009,G,93 min,8.1,,Lasse Hallström,Richard Gere,Joan Allen,Cary-Hiroyuki Tagawa,Sarah Roemer,253575
2009,,92 min,8.1,,Adam Elliot,Toni Collette,Philip Seymour Hoffman,Eric Bana,Barry Humphries,164462
2010,U,98 min,8.1,75,Dean DeBlois,Chris Sanders,Jay Baruchel,Gerard Butler,Christopher Mintz-Plasse,666773
2007,R,148 min,8.1,73,Sean Penn,Emile Hirsch,Vince Vaughn,Catherine Keener,Marcia Gay Harden,572921
2007,R,122 min,8.1,91,Ethan Coen,Joel Coen,Tommy Lee Jones,Javier Bardem,Josh Brolin,856916
2006,U,144 min,8.1,,Rajkumar Hirani,Sanjay Dutt,Arshad Warsi,Vidya Balan,Boman Irani,43137
2004,UA,132 min,8.1,86,Clint Eastwood,Hilary Swank,Clint Eastwood,Morgan Freeman,Jay Baruchel,635975
2004,PG-13,121 min,8.1,79,Terry George,Don Cheadle,Sophie Okonedo,Joaquin Phoenix,Xolani Mali,334320
2004,R,140 min,8.1,64,Je-kyu Kang,Jang Dong-Gun,Won Bin,Eun-ju Lee,Hyeong-jin Kong,37820
2004,R,80 min,8.1,90,Richard Linklater,Ethan Hawke,Julie Delpy,Vernon Dobtcheff,Louise Lemoine Torrès,236311
2003,U,156 min,8.1,,Rajkumar Hirani,Sanjay Dutt,Arshad Warsi,Gracy Singh,Sunil Dutt,73992
2003,UA,131 min,8.1,82,Bong Joon Ho,Kang-ho Song,Kim Sang-kyung,Roe-ha Kim,Jae-ho Song,139558
2001,Unrated,183 min,8.1,,Farhan Akhtar,Aamir Khan,Saif Ali Khan,Akshaye Khanna,Preity Zinta,66803
2003,R,111 min,8.1,69,Quentin Tarantino,Uma Thurman,David Carradine,Daryl Hannah,Michael Madsen,1000639
2003,U,100 min,8.1,90,Andrew Stanton,Lee Unkrich,Albert Brooks,Ellen DeGeneres,Alexander Gould,949565
2002,A,141 min,8.1,75,Steven Spielberg,Leonardo DiCaprio,Tom Hanks,Christopher Walken,Martin Sheen,832846
2000,A,154 min,8.1,83,Alejandro G. Iñárritu,Emilio Echevarría,Gael García Bernal,Goya Toledo,Álvaro Guerrero,223741
2001,U,92 min,8.1,79,Pete Docter,David Silverman,Lee Unkrich,Billy Crystal,John Goodman,815505
1997,UA,87 min,8.1,,Hideaki Anno,Kazuya Tsurumaki,Megumi Ogata,Megumi Hayashibara,Yûko Miyamura,38847
2001,U,224 min,8.1,84,Ashutosh Gowariker,Aamir Khan,Raghuvir Yadav,Gracy Singh,Rachel Shelley,105036
1999,A,107 min,8.1,64,M. Night Shyamalan,Bruce Willis,Haley Joel Osment,Toni Collette,Olivia Williams,911573
1998,U,169 min,8.1,58,Giuseppe Tornatore,Tim Roth,Pruitt Taylor Vince,Mélanie Thierry,Bill Nunn,59020
1998,U,103 min,8.1,90,Peter Weir,Jim Carrey,Ed Harris,Laura Linney,Noah Emmerich,939631
1998,R,127 min,8.1,73,Emir Kusturica,Bajram Severdzan,Srdjan 'Zika' Todorovic,Branka Katic,Florijan Ajdini,50862
1998,R,117 min,8.1,71,Joel Coen,Ethan Coen,Jeff Bridges,John Goodman,Julianne Moore,732620
2000,U,98 min,8.1,85,Kar-Wai Wong,Tony Chiu-Wai Leung,Maggie Cheung,Ping Lam Siu,Tung Cho 'Joe' Cheung,124383
1996,A,93 min,8.1,83,Danny Boyle,Ewan McGregor,Ewen Bremner,Jonny Lee Miller,Kevin McKidd,634716
1996,A,98 min,8.1,85,Joel Coen,Ethan Coen,William H. Macy,Frances McDormand,Steve Buscemi,617444
1995,,170 min,8.1,,Emir Kusturica,Predrag 'Miki' Manojlovic,Lazar Ristovski,Mirjana Jokovic,Slavko Stimac,55220
1995,UA,98 min,8.1,,Mathieu Kassovitz,Vincent Cassel,Hubert Koundé,Saïd Taghmaoui,Abdel Ahmed Ghili,150345
1995,U,189 min,8.1,,Aditya Chopra,Shah Rukh Khan,Kajol,Amrish Puri,Farida Jalal,63516
1995,R,101 min,8.1,77,Richard Linklater,Ethan Hawke,Julie Delpy,Andrea Eckert,Hanno Pöschl,272291
1994,U,99 min,8.1,100,Krzysztof Kieslowski,Irène Jacob,Jean-Louis Trintignant,Frédérique Feder,Jean-Pierre Lorit,90729
1994,U,102 min,8.1,77,Kar-Wai Wong,Brigitte Lin,Takeshi Kaneshiro,Tony Chiu-Wai Leung,Faye Wong,63122
1993,UA,127 min,8.1,68,Steven Spielberg,Sam Neill,Laura Dern,Jeff Goldblum,Richard Attenborough,867615
1993,UA,133 min,8.1,84,Jim Sheridan,Daniel Day-Lewis,Pete Postlethwaite,Alison Crosbie,Philip King,156842
1993,R,171 min,8.1,,Kaige Chen,Leslie Cheung,Fengyi Zhang,Gong Li,You Ge,25088
1991,PG,125 min,8.1,,Yimou Zhang,Gong Li,Jingwu Ma,Saifei He,Cuifen Cao,29662
1989,U,128 min,8.1,79,Peter Weir,Robin Williams,Robert Sean Leonard,Ethan Hawke,Josh Charles,425457
1986,U,89 min,8.1,75,Rob Reiner,Wil Wheaton,River Phoenix,Corey Feldman,Jerry O'Connell,363401
1986,A,120 min,8.1,92,Oliver Stone,Charlie Sheen,Tom Berenger,Willem Dafoe,Keith David,381222
1984,U,145 min,8.1,78,Wim Wenders,Harry Dean Stanton,Nastassja Kinski,Dean Stockwell,Aurore Clément,91188
1984,U,117 min,8.1,86,Hayao Miyazaki,Sumi Shimamoto,Mahito Tsujimura,Hisako Kyôda,Gorô Naya,150924
1982,A,109 min,8.1,57,John Carpenter,Kurt Russell,Wilford Brimley,Keith David,Richard Masur,371271
1982,UA,95 min,8.1,47,Alan Parker,Bob Geldof,Christine Hargreaves,James Laurenson,Eleanor David,76081
1982,R,158 min,8.1,,Werner Herzog,Klaus Kinski,Claudia Cardinale,José Lewgoy,Miguel Ángel Fuentes,31595
1982,A,188 min,8.1,100,Ingmar Bergman,Bertil Guve,Pernilla Allwin,Kristina Adolphson,Börje Ahlstedt,57784
1982,UA,117 min,8.1,84,Ridley Scott,Harrison Ford,Rutger Hauer,Sean Young,Edward James Olmos,693827
1980,UA,124 min,8.1,78,David Lynch,Anthony Hopkins,John Hurt,Anne Bancroft,John Gielgud,220078
1979,R,94 min,8.1,77,Terry Jones,Graham Chapman,John Cleese,Michael Palin,Terry Gilliam,367250
1978,A,183 min,8.1,86,Michael Cimino,Robert De Niro,Christopher Walken,John Cazale,John Savage,311361
1976,U,120 min,8.1,70,John G. Avildsen,Sylvester Stallone,Talia Shire,Burt Young,Carl Weathers,518546
1976,UA,121 min,8.1,83,Sidney Lumet,Faye Dunaway,William Holden,Peter Finch,Robert Duvall,144911
1975,PG,185 min,8.1,89,Stanley Kubrick,Ryan O'Neal,Marisa Berenson,Patrick Magee,Hardy Krüger,149843
1975,G,107 min,8.1,,Andrei Tarkovsky,Margarita Terekhova,Filipp Yankovskiy,Ignat Daniltsev,Oleg Yankovskiy,40081
1974,UA,130 min,8.1,92,Roman Polanski,Jack Nicholson,Faye Dunaway,John Huston,Perry Lopez,294230
1973,U,102 min,8.1,77,Peter Bogdanovich,Ryan O'Neal,Tatum O'Neal,Madeline Kahn,John Hillerman,42285
1972,A,91 min,8.1,,Ingmar Bergman,Harriet Andersson,Liv Ullmann,Kari Sylwan,Ingrid Thulin,30206
1972,PG,167 min,8.1,90,Andrei Tarkovsky,Natalya Bondarchuk,Donatas Banionis,Jüri Järvet,Vladislav Dvorzhetskiy,81021
1967,GP,105 min,8.1,,Jean-Pierre Melville,Alain Delon,François Périer,Nathalie Delon,Cathy Rosier,45434
1967,A,127 min,8.1,92,Stuart Rosenberg,Paul Newman,George Kennedy,Strother Martin,J.D. Cannon,161984
1966,,85 min,8.1,86,Ingmar Bergman,Bibi Andersson,Liv Ullmann,Margaretha Krook,Gunnar Björnstrand,103191
1966,R,205 min,8.1,,Andrei Tarkovsky,Anatoliy Solonitsyn,Ivan Lapikov,Nikolay Grinko,Nikolay Sergeev,46947
1966,,121 min,8.1,96,Gillo Pontecorvo,Brahim Hadjadj,Jean Martin,Yacef Saadi,Samia Kerbash,53089
1962,,95 min,8.1,,Luis Buñuel,Silvia Pinal,Jacqueline Andere,Enrique Rambal,José Baviera,29682
1962,Passed,134 min,8.1,75,Robert Aldrich,Bette Davis,Joan Crawford,Victor Buono,Wesley Addy,50058
1962,U,96 min,8.1,,Akira Kurosawa,Toshirô Mifune,Tatsuya Nakadai,Keiju Kobayashi,Yûnosuke Itô,33044
1962,,123 min,8.1,94,John Ford,James Stewart,John Wayne,Vera Miles,Lee Marvin,68827
1962,,95 min,8.1,,Andrei Tarkovsky,Eduard Abalov,Nikolay Burlyaev,Valentin Zubkov,Evgeniy Zharikov,31728
1960,A,89 min,8.1,,Ingmar Bergman,Max von Sydow,Birgitta Valberg,Gunnel Lindblom,Birgitta Pettersson,26697
1960,Passed,128 min,8.1,75,Stanley Kramer,Spencer Tracy,Fredric March,Gene Kelly,Dick York,27254
1959,,99 min,8.1,,François Truffaut,Jean-Pierre Léaud,Albert Rémy,Claire Maurier,Guy Decomble,105291
1959,U,212 min,8.1,90,William Wyler,Charlton Heston,Jack Hawkins,Stephen Boyd,Haya Harareet,219466
1958,,139 min,8.1,,Akira Kurosawa,Toshirô Mifune,Misa Uehara,Minoru Chiaki,Kamatari Fujiwara,34797
1957,,110 min,8.1,,Federico Fellini,Giulietta Masina,François Périer,Franca Marzi,Dorian Gray,42940
1957,,110 min,8.1,,Akira Kurosawa,Toshirô Mifune,Minoru Chiaki,Isuzu Yamada,Takashi Shimura,46678
1957,PG,161 min,8.1,87,David Lean,William Holden,Alec Guinness,Jack Hawkins,Sessue Hayakawa,203463
1954,A,108 min,8.1,91,Elia Kazan,Marlon Brando,Karl Malden,Lee J. Cobb,Rod Steiger,142107
1953,U,131 min,8.1,85,Henri-Georges Clouzot,Yves Montand,Charles Vanel,Peter van Eyck,Folco Lulli,54588
1951,Approved,111 min,8.1,72,Billy Wilder,Kirk Douglas,Jan Sterling,Robert Arthur,Porter Hall,31568
1949,,114 min,8.1,,Raoul Walsh,James Cagney,Virginia Mayo,Edmond O'Brien,Margaret Wycherly,29807
1949,Approved,104 min,8.1,97,Carol Reed,Orson Welles,Joseph Cotten,Alida Valli,Trevor Howard,158731
1948,,135 min,8.1,,Michael Powell,Emeric Pressburger,Anton Walbrook,Marius Goring,Moira Shearer,30935
1940,,99 min,8.1,96,Ernst Lubitsch,Margaret Sullavan,James Stewart,Frank Morgan,Joseph Schildkraut,28450
1940,Approved,130 min,8.1,86,Alfred Hitchcock,Laurence Olivier,Joan Fontaine,George Sanders,Judith Anderson,123942
1939,Passed,129 min,8.1,73,Frank Capra,James Stewart,Jean Arthur,Claude Rains,Edward Arnold,107017
1939,U,238 min,8.1,97,Victor Fleming,George Cukor,Sam Wood,Clark Gable,Vivien Leigh,290074
1937,,113 min,8.1,,Jean Renoir,Jean Gabin,Dita Parlo,Pierre Fresnay,Erich von Stroheim,33829
1934,Approved,105 min,8.1,87,Frank Capra,Clark Gable,Claudette Colbert,Walter Connolly,Roscoe Karns,94016
1928,Passed,110 min,8.1,,Carl Theodor Dreyer,Maria Falconetti,Eugene Silvain,André Berley,Maurice Schutz,47676
1928,Passed,72 min,8.1,90,Charles Chaplin,Charles Chaplin,Merna Kennedy,Al Ernest Garcia,Harry Crocker,30205
1927,Passed,94 min,8.1,,F.W. Murnau,George O'Brien,Janet Gaynor,Margaret Livingston,Bodil Rosing,46865
1926,Passed,67 min,8.1,,Clyde Bruckman,Buster Keaton,Buster Keaton,Marion Mack,Glen Cavender,81156
1920,,76 min,8.1,,Robert Wiene,Werner Krauss,Conrad Veidt,Friedrich Feher,Lil Dagover,57428
2018,UA,124 min,8,,Amit Ravindernath Sharma,Ayushmann Khurrana,Neena Gupta,Gajraj Rao,Sanya Malhotra,27978
2019,U,113 min,8,69,Ericson Core,Willem Dafoe,Julianne Nicholson,Christopher Heyerdahl,Richard Dormer,37556
2016,UA,130 min,8,,Raja Menon,Akshay Kumar,Nimrat Kaur,Kumud Mishra,Prakash Belawadi,52897
2015,UA,163 min,8,,Kabir Khan,Salman Khan,Harshaali Malhotra,Nawazuddin Siddiqui,Kareena Kapoor,72245
2015,UA,159 min,8,,Neeraj Pandey,Akshay Kumar,Danny Denzongpa,Rana Daggubati,Taapsee Pannu,52848
2016,A,128 min,8,94,Damien Chazelle,Ryan Gosling,Emma Stone,Rosemarie DeWitt,J.K. Simmons,505918
2016,U,118 min,8,69,Garth Davis,Dev Patel,Nicole Kidman,Rooney Mara,Sunny Pawar,213970
2015,UA,144 min,8,80,Ridley Scott,Matt Damon,Jessica Chastain,Kristen Wiig,Kate Mara,760094
2016,U,108 min,8,78,Byron Howard,Rich Moore,Jared Bush,Ginnifer Goodwin,Jason Bateman,434143
2015,UA,159 min,8,,S.S. Rajamouli,Prabhas,Rana Daggubati,Ramya Krishnan,Sathyaraj,102972
2013,U,137 min,8,89,Isao Takahata,Chloë Grace Moretz,James Caan,Mary Steenburgen,James Marsden,38746
2017,U,113 min,8,66,Stephen Chbosky,Jacob Tremblay,Owen Wilson,Izabela Vidovic,Julia Roberts,141923
2019,UA,154 min,8,65,Zoya Akhtar,Vijay Varma,Nakul Roshan Sahdev,Ranveer Singh,Vijay Raaz,31886
2013,UA,144 min,8,,Neeraj Pandey,Akshay Kumar,Anupam Kher,Manoj Bajpayee,Jimmy Sheirgill,51069
2013,R,96 min,8,82,Destin Daniel Cretton,Brie Larson,Frantz Turner,John Gallagher Jr.,Kaitlyn Dever,81770
2014,A,150 min,8,71,Gareth Evans,Iko Uwais,Yayan Ruhian,Arifin Putra,Oka Antara,114316
2014,UA,114 min,8,73,Morten Tyldum,Benedict Cumberbatch,Keira Knightley,Matthew Goode,Allen Leech,685201
2014,UA,121 min,8,76,James Gunn,Chris Pratt,Vin Diesel,Bradley Cooper,Zoe Saldana,1043455
2017,UA,164 min,8,81,Denis Villeneuve,Harrison Ford,Ryan Gosling,Ana de Armas,Dave Bautista,461823
2013,A,126 min,8,90,Spike Jonze,Joaquin Phoenix,Amy Adams,Scarlett Johansson,Rooney Mara,540772
2018,UA,134 min,8,49,Bryan Singer,Rami Malek,Lucy Boynton,Gwilym Lee,Ben Hardy,450349
2015,A,156 min,8,76,Alejandro G. Iñárritu,Leonardo DiCaprio,Tom Hardy,Will Poulter,Domhnall Gleeson,705589
2012,UA,103 min,8,67,Stephen Chbosky,Logan Lerman,Emma Watson,Ezra Miller,Paul Rudd,462252
2010,,115 min,8,71,José Padilha,Wagner Moura,Irandhir Santos,André Ramiro,Milhem Cortaz,79200
2010,U,118 min,8,88,Tom Hooper,Colin Firth,Geoffrey Rush,Helena Bonham Carter,Derek Jacobi,639603
2011,UA,146 min,8,62,Tate Taylor,Emma Stone,Viola Davis,Octavia Spencer,Bryce Dallas Howard,428521
2016,R,108 min,8,65,Tim Miller,Ryan Reynolds,Morena Baccarin,T.J. Miller,Ed Skrein,902669
2009,TV-PG,119 min,8,87,Asghar Farhadi,Golshifteh Farahani,Shahab Hosseini,Taraneh Alidoosti,Merila Zare'i,45803
2009,A,144 min,8,,Anurag Kashyap,Abhay Deol,Mahie Gill,Kalki Koechlin,Dibyendu Bhattacharya,28749
2008,R,106 min,8,59,Wilson Yip,Donnie Yen,Simon Yam,Siu-Wong Fan,Ka Tung Lam,211427
2010,UA,165 min,8,50,Karan Johar,Shah Rukh Khan,Kajol,Sheetal Menon,Katie A. Keane,98575
2009,,128 min,8,,Levent Semerci,Erdem Can,Mete Horozoglu,Ilker Kizmaz,Baris Bagci,31838
2008,UA,120 min,8,84,Danny Boyle,Loveleen Tandan,Dev Patel,Freida Pinto,Saurabh Shukla,798882
2010,A,108 min,8,79,Darren Aronofsky,Natalie Portman,Mila Kunis,Vincent Cassel,Winona Ryder,699673
2007,R,115 min,8,33,José Padilha,Wagner Moura,André Ramiro,Caio Junqueira,Milhem Cortaz,98097
2012,UA,143 min,8,69,Joss Whedon,Robert Downey Jr.,Chris Evans,Scarlett Johansson,Jeremy Renner,1260806
2007,PG-13,96 min,8,90,Vincent Paronnaud,Marjane Satrapi,Chiara Mastroianni,Catherine Deneuve,Gena Rowlands,88656
2013,R,117 min,8,80,Jean-Marc Vallée,Matthew McConaughey,Jennifer Garner,Jared Leto,Steve Zahn,441614
2006,U,117 min,8,64,Gabriele Muccino,Will Smith,Thandie Newton,Jaden Smith,Brian Howe,448930
2006,A,143 min,8,64,Edward Zwick,Leonardo DiCaprio,Djimon Hounsou,Jennifer Connelly,Kagiso Kuypers,499439
2007,UA,115 min,8,85,Paul Greengrass,Matt Damon,Edgar Ramírez,Joan Allen,Julia Stiles,604694
2004,U,88 min,8,72,Ki-duk Kim,Seung-Yun Lee,Hee Jae,Hyuk-ho Kwon,Jin-mo Joo,50610
2005,A,124 min,8,74,Frank Miller,Quentin Tarantino,Robert Rodriguez,Mickey Rourke,Clive Owen,738512
2007,PG-13,112 min,8,92,Julian Schnabel,Laura Obiols,Mathieu Amalric,Emmanuelle Seigner,Marie-Josée Croze,103284
2004,,127 min,8,,Ömer Faruk Sorak,Cem Yilmaz,Özge Özberk,Ozan Güven,Safak Sezer,56960
2007,U,111 min,8,96,Brad Bird,Jan Pinkava,Brad Garrett,Lou Romano,Patton Oswalt,641645
2006,PG-13,144 min,8,80,Martin Campbell,Daniel Craig,Eva Green,Judi Dench,Jeffrey Wright,582239
2004,A,137 min,8,83,Quentin Tarantino,Uma Thurman,David Carradine,Michael Madsen,Daryl Hannah,683900
2003,,110 min,8,82,Andrey Zvyagintsev,Vladimir Garin,Ivan Dobronravov,Konstantin Lavronenko,Nataliya Vdovina,42399
2003,R,103 min,8,85,Ki-duk Kim,Ki-duk Kim,Yeong-su Oh,Jong-ho Kim,Kim Young-Min,77520
2014,U,126 min,8,74,Alejandro Amenábar,Javier Bardem,Belén Rueda,Lola Dueñas,Mabel Rivera,77554
2005,UA,144 min,8,69,Ron Howard,Russell Crowe,Renée Zellweger,Craig Bierko,Paul Giamatti,176151
2003,U,186 min,8,54,Nikkhil Advani,Preity Zinta,Shah Rukh Khan,Saif Ali Khan,Jaya Bachchan,63460
2002,UA,101 min,8,75,Andrew Lau,Alan Mak,Andy Lau,Tony Chiu-Wai Leung,Anthony Chau-Sang Wong,117857
2003,UA,143 min,8,63,Gore Verbinski,Johnny Depp,Geoffrey Rush,Orlando Bloom,Keira Knightley,1015122
2003,U,125 min,8,58,Tim Burton,Ewan McGregor,Albert Finney,Billy Crudup,Jessica Lange,415218
2004,U,115 min,8,90,Brad Bird,Craig T. Nelson,Samuel L. Jackson,Holly Hunter,Jason Lee,657047
2001,,137 min,8,,Jae-young Kwak,Tae-Hyun Cha,Jun Ji-Hyun,In-mun Kim,Song Wok-suk,45403
2003,R,178 min,8,60,Lars von Trier,Nicole Kidman,Paul Bettany,Lauren Bacall,Harriet Andersson,137963
2001,,110 min,8,,Yilmaz Erdogan,Ömer Faruk Sorak,Yilmaz Erdogan,Demet Akbag,Altan Erkekli,33592
2001,R,113 min,8,88,Richard Kelly,Jake Gyllenhaal,Jena Malone,Mary McDonnell,Holmes Osborne,740086
1999,R,188 min,8,77,Paul Thomas Anderson,Tom Cruise,Jason Robards,Julianne Moore,Philip Seymour Hoffman,289742
2000,U,140 min,8,61,Lars von Trier,Björk,Catherine Deneuve,David Morse,Peter Stormare,102285
1999,U,112 min,8,86,David Lynch,Richard Farnsworth,Sissy Spacek,Jane Galloway Heitz,Joseph A. Carpenter,82002
1997,A,81 min,8,,Satoshi Kon,Junko Iwao,Rica Matsumoto,Shinpachi Tsuji,Masaaki Ôkura,58192
1998,R,105 min,8,82,Thomas Vinterberg,Ulrich Thomsen,Henning Moritzen,Thomas Bo Larsen,Paprika Steen,78341
1998,R,110 min,8,80,Walter Salles,Fernanda Montenegro,Vinícius de Oliveira,Marília Pêra,Soia Lira,36419
1999,PG,86 min,8,85,Brad Bird,Eli Marienthal,Harry Connick Jr.,Jennifer Aniston,Vin Diesel,172083
1997,,87 min,8,,Thomas Jahn,Til Schweiger,Jan Josef Liefers,Thierry van Werveke,Moritz Bleibtreu,27721
1996,R,135 min,8,84,Billy Bob Thornton,Billy Bob Thornton,Dwight Yoakam,J.T. Walsh,John Ritter,86838
1996,U,136 min,8,91,Mike Leigh,Timothy Spall,Brenda Blethyn,Phyllis Logan,Claire Rushbrook,37564
1995,A,129 min,8,74,Terry Gilliam,Bruce Willis,Madeleine Stowe,Brad Pitt,Joseph Melito,578443
1995,UA,83 min,8,76,Mamoru Oshii,Atsuko Tanaka,Iemasa Kayumi,Akio Ôtsuka,Kôichi Yamadera,129231
1993,U,76 min,8,82,Henry Selick,Danny Elfman,Chris Sarandon,Catherine O'Hara,William Hickey,300208
1993,U,101 min,8,72,Harold Ramis,Bill Murray,Andie MacDowell,Chris Elliott,Stephen Tobolowsky,577991
1993,R,180 min,8,47,Taylor Hackford,Damian Chapa,Jesse Borrego,Benjamin Bratt,Enrique Castillo,28825
1992,UA,156 min,8,59,Martin Brest,Al Pacino,Chris O'Donnell,James Rebhorn,Gabrielle Anwar,263918
1992,U,90 min,8,86,Ron Clements,John Musker,Scott Weinger,Robin Williams,Linda Larkin,373845
1991,UA,189 min,8,72,Oliver Stone,Kevin Costner,Gary Oldman,Jack Lemmon,Walter Matthau,142110
1991,G,84 min,8,95,Gary Trousdale,Kirk Wise,Paige O'Hara,Robby Benson,Jesse Corti,417178
1990,U,181 min,8,72,Kevin Costner,Kevin Costner,Mary McDonnell,Graham Greene,Rodney A. Grant,240266
1989,R,120 min,8,93,Spike Lee,Danny Aiello,Ossie Davis,Ruby Dee,Richard Edson,89429
1988,U,133 min,8,65,Barry Levinson,Dustin Hoffman,Tom Cruise,Valeria Golino,Gerald R. Molen,473064
1988,UA,124 min,8,,Katsuhiro Ôtomo,Mitsuo Iwata,Nozomu Sasaki,Mami Koyama,Tesshô Genda,164918
1987,U,98 min,8,77,Rob Reiner,Cary Elwes,Mandy Patinkin,Robin Wright,Chris Sarandon,393899
1987,U,128 min,8,79,Wim Wenders,Bruno Ganz,Solveig Dommartin,Otto Sander,Curt Bois,64722
1987,U,104 min,8,88,Louis Malle,Gaspard Manesse,Raphael Fejtö,Francine Racette,Stanislas Carré de Malberg,31163
1986,U,125 min,8,78,Hayao Miyazaki,Mayumi Tanaka,Keiko Yokozawa,Kotoe Hatsui,Minori Terada,150140
1984,UA,107 min,8,84,James Cameron,Arnold Schwarzenegger,Linda Hamilton,Michael Biehn,Paul Winfield,799795
1982,U,191 min,8,79,Richard Attenborough,Ben Kingsley,John Gielgud,Rohini Hattangadi,Roshan Seth,217664
1980,U,180 min,8,84,Akira Kurosawa,Tatsuya Nakadai,Tsutomu Yamazaki,Ken'ichi Hagiwara,Jinpachi Nezu,32195
1979,PG,130 min,8,83,Hal Ashby,Peter Sellers,Shirley MacLaine,Melvyn Douglas,Jack Warden,65625
1977,A,93 min,8,92,Woody Allen,Woody Allen,Diane Keaton,Tony Roberts,Carol Kane,251823
1975,A,124 min,8,87,Steven Spielberg,Roy Scheider,Robert Shaw,Richard Dreyfuss,Lorraine Gary,543388
1975,U,125 min,8,86,Sidney Lumet,Al Pacino,John Cazale,Penelope Allen,Sully Boyar,235652
1974,A,106 min,8,80,Mel Brooks,Gene Wilder,Madeline Kahn,Marty Feldman,Peter Boyle,143359
1973,R,151 min,8,58,Franklin J. Schaffner,Steve McQueen,Dustin Hoffman,Victor Jory,Don Gordon,121627
1973,A,122 min,8,81,William Friedkin,Ellen Burstyn,Max von Sydow,Linda Blair,Lee J. Cobb,362393
1972,PG,138 min,8,,Joseph L. Mankiewicz,Laurence Olivier,Michael Caine,Alec Cawthorne,John Matthews,44748
1971,R,118 min,8,93,Peter Bogdanovich,Timothy Bottoms,Jeff Bridges,Cybill Shepherd,Ben Johnson,42456
1971,G,181 min,8,67,Norman Jewison,Topol,Norma Crane,Leonard Frey,Molly Picon,39491
1970,UA,113 min,8,100,Bernardo Bertolucci,Jean-Louis Trintignant,Stefania Sandrelli,Gastone Moschin,Enzo Tarascio,27067
1969,PG,110 min,8,66,George Roy Hill,Paul Newman,Robert Redford,Katharine Ross,Strother Martin,201888
1968,A,137 min,8,96,Roman Polanski,Mia Farrow,John Cassavetes,Ruth Gordon,Sidney Blackmer,193674
1968,U,112 min,8,79,Franklin J. Schaffner,Charlton Heston,Roddy McDowall,Kim Hunter,Maurice Evans,165167
1967,A,106 min,8,83,Mike Nichols,Dustin Hoffman,Anne Bancroft,Katharine Ross,William Daniels,253676
1966,A,131 min,8,75,Mike Nichols,Elizabeth Taylor,Richard Burton,George Segal,Sandy Dennis,68926
1965,U,172 min,8,63,Robert Wise,Julie Andrews,Christopher Plummer,Eleanor Parker,Richard Haydn,205425
1965,A,197 min,8,69,David Lean,Omar Sharif,Julie Christie,Geraldine Chaplin,Rod Steiger,69903
1964,A,99 min,8,65,Sergio Leone,Clint Eastwood,Gian Maria Volontè,Marianne Koch,Wolfgang Lukschy,198219
1963,,138 min,8,91,Federico Fellini,Marcello Mastroianni,Anouk Aimée,Claudia Cardinale,Sandra Milo,108844
1962,,80 min,8,,Jean-Luc Godard,Anna Karina,Sady Rebbot,André S. Labarthe,Guylaine Schlumberger,28057
1961,A,134 min,8,90,Robert Rossen,Paul Newman,Jackie Gleason,Piper Laurie,George C. Scott,75067
1960,A,174 min,8,95,Federico Fellini,Marcello Mastroianni,Anita Ekberg,Anouk Aimée,Yvonne Furneaux,66621
1959,Passed,141 min,8,93,Howard Hawks,John Wayne,Dean Martin,Ricky Nelson,Angie Dickinson,56305
1959,,161 min,8,95,Otto Preminger,James Stewart,Lee Remick,Ben Gazzara,Arthur O'Connell,59847
1958,PG-13,95 min,8,99,Orson Welles,Charlton Heston,Orson Welles,Janet Leigh,Joseph Calleia,98431
1958,A,108 min,8,84,Richard Brooks,Elizabeth Taylor,Paul Newman,Burl Ives,Jack Carson,45062
1957,Approved,96 min,8,100,Alexander Mackendrick,Burt Lancaster,Tony Curtis,Susan Harrison,Martin Milner,28137
1956,Approved,84 min,8,91,Stanley Kubrick,Sterling Hayden,Coleen Gray,Vince Edwards,Jay C. Flippen,81702
1955,,92 min,8,99,Charles Laughton,Robert Mitchum,Shelley Winters,Lillian Gish,James Gleason,81980
1954,,108 min,8,,Federico Fellini,Anthony Quinn,Giulietta Masina,Richard Basehart,Aldo Silvani,58314
1955,,117 min,8,,Henri-Georges Clouzot,Simone Signoret,Véra Clouzot,Paul Meurisse,Charles Vanel,61503
1953,,120 min,8,84,Billy Wilder,William Holden,Don Taylor,Otto Preminger,Robert Strauss,51046
1953,,118 min,8,78,William Wyler,Gregory Peck,Audrey Hepburn,Eddie Albert,Hartley Power,127256
1951,A,122 min,8,97,Elia Kazan,Vivien Leigh,Marlon Brando,Kim Hunter,Karl Malden,99182
1950,,94 min,8,,Nicholas Ray,Humphrey Bogart,Gloria Grahame,Frank Lovejoy,Carl Benton Reid,26784
1949,U,106 min,8,,Robert Hamer,Dennis Price,Alec Guinness,Valerie Hobson,Joan Greenwood,34485
1948,A,80 min,8,73,Alfred Hitchcock,James Stewart,John Dall,Farley Granger,Dick Hogan,129783
1947,,97 min,8,,Jacques Tourneur,Robert Mitchum,Jane Greer,Kirk Douglas,Rhonda Fleming,32784
1945,U,86 min,8,92,David Lean,Celia Johnson,Trevor Howard,Stanley Holloway,Joyce Carey,35601
1944,Passed,88 min,8,,Otto Preminger,Gene Tierney,Dana Andrews,Clifton Webb,Vincent Price,42725
1946,Approved,170 min,8,93,William Wyler,Myrna Loy,Dana Andrews,Fredric March,Teresa Wright,57259
1942,,118 min,8,,Frank Capra,Cary Grant,Priscilla Lane,Raymond Massey,Jack Carson,65101
1941,,100 min,8,96,John Huston,Humphrey Bogart,Mary Astor,Gladys George,Peter Lorre,148928
1940,Passed,129 min,8,96,John Ford,Henry Fonda,Jane Darwell,John Carradine,Charley Grapewin,85559
1939,U,102 min,8,92,Victor Fleming,George Cukor,Mervyn LeRoy,Norman Taurog,Richard Thorpe,371379
1939,,110 min,8,,Jean Renoir,Marcel Dalio,Nora Gregor,Paulette Dubost,Mila Parély,26725
1934,TV-PG,91 min,8,86,W.S. Van Dyke,William Powell,Myrna Loy,Maureen O'Sullivan,Nat Pendleton,26642
1930,U,152 min,8,91,Lewis Milestone,Lew Ayres,Louis Wolheim,John Wray,Arnold Lucy,57318
1925,,75 min,8,97,Sergei M. Eisenstein,Aleksandr Antonov,Vladimir Barskiy,Grigoriy Aleksandrov,Ivan Bobrov,53054
2019,UA,130 min,7.9,82,Rian Johnson,Daniel Craig,Chris Evans,Ana de Armas,Jamie Lee Curtis,454203
2020,UA,101 min,7.9,,Mukesh Chhabra,Sushant Singh Rajput,Sanjana Sanghi,Sahil Vaid,Saswata Chatterjee,111478
2018,A,121 min,7.9,93,Hirokazu Koreeda,Lily Franky,Sakura Andô,Kirin Kiki,Mayu Matsuoka,62754
2019,U,137 min,7.9,94,Noah Baumbach,Adam Driver,Scarlett Johansson,Julia Greer,Azhy Robertson,246644
2017,UA,132 min,7.9,93,Luca Guadagnino,Armie Hammer,Timothée Chalamet,Michael Stuhlbarg,Amira Casar,212651
2016,UA,100 min,7.9,78,Ken Loach,Laura Obiols,Dave Johns,Hayley Squires,Sharon Percy,53818
2018,U,101 min,7.9,82,Wes Anderson,Bryan Cranston,Koyu Rankin,Edward Norton,Bob Balaban,139114
2016,UA,101 min,7.9,81,Taika Waititi,Sam Neill,Julian Dennison,Rima Te Wiata,Rachel House,111483
2016,R,118 min,7.9,72,Matt Ross,Viggo Mortensen,George MacKay,Samantha Isler,Annalise Basso,189400
2016,PG-13,106 min,7.9,79,John Carney,Ferdia Walsh-Peelo,Aidan Gillen,Maria Doyle Kennedy,Jack Reynor,85109
2017,UA,130 min,7.9,74,Taika Waititi,Chris Hemsworth,Tom Hiddleston,Cate Blanchett,Mark Ruffalo,587775
2014,A,117 min,7.9,76,Dan Gilroy,Jake Gyllenhaal,Rene Russo,Bill Paxton,Riz Ahmed,466134
2019,UA,108 min,7.9,58,Taika Waititi,Roman Griffin Davis,Thomasin McKenzie,Scarlett Johansson,Taika Waititi,297918
2016,UA,116 min,7.9,81,Denis Villeneuve,Amy Adams,Jeremy Renner,Forest Whitaker,Michael Stuhlbarg,594181
2015,U,138 min,7.9,80,J.J. Abrams,Daisy Ridley,John Boyega,Oscar Isaac,Domhnall Gleeson,860823
2013,R,109 min,7.9,94,Richard Linklater,Ethan Hawke,Julie Delpy,Seamus Davey-Fitzpatrick,Ariane Labed,141457
2014,UA,132 min,7.9,75,Bryan Singer,Patrick Stewart,Ian McKellen,Hugh Jackman,James McAvoy,659763
2011,,157 min,7.9,82,Nuri Bilge Ceylan,Muhammet Uzuner,Yilmaz Erdogan,Taner Birsel,Ahmet Mümtaz Taylan,41995
2011,U,100 min,7.9,89,Michel Hazanavicius,Jean Dujardin,Bérénice Bejo,John Goodman,James Cromwell,230624
2014,UA,113 min,7.9,71,Doug Liman,Tom Cruise,Emily Blunt,Bill Paxton,Brendan Gleeson,600004
2012,UA,127 min,7.9,94,Michael Haneke,Jean-Louis Trintignant,Emmanuelle Riva,Isabelle Huppert,Alexandre Tharaud,93090
2019,R,209 min,7.9,94,Martin Scorsese,Robert De Niro,Al Pacino,Joe Pesci,Harvey Keitel,324720
2009,A,155 min,7.9,90,Jacques Audiard,Tahar Rahim,Niels Arestrup,Adel Bencherif,Reda Kateb,93560
2009,R,97 min,7.9,67,Duncan Jones,Sam Rockwell,Kevin Spacey,Dominique McElligott,Rosie Shaw,335152
2008,R,114 min,7.9,82,Tomas Alfredson,Kåre Hedebrant,Lina Leandersson,Per Ragnar,Henrik Dahl,205609
2009,A,112 min,7.9,81,Neill Blomkamp,Sharlto Copley,David James,Jason Cope,Nathalie Boltt,638202
2008,UA,109 min,7.9,80,Darren Aronofsky,Mickey Rourke,Marisa Tomei,Evan Rachel Wood,Mark Margolis,289415
2007,U,138 min,7.9,,Imtiaz Ali,Shahid Kapoor,Kareena Kapoor,Tarun Arora,Dara Singh,47720
2014,A,165 min,7.9,100,Richard Linklater,Ellar Coltrane,Patricia Arquette,Ethan Hawke,Elijah Smith,335533
2007,,113 min,7.9,97,Cristian Mungiu,Anamaria Marinca,Laura Vasiliu,Vlad Ivanov,Alexandru Potocean,56625
2009,UA,127 min,7.9,82,J.J. Abrams,Chris Pine,Zachary Quinto,Simon Pegg,Leonard Nimoy,577336
2008,R,107 min,7.9,67,Martin McDonagh,Colin Farrell,Brendan Gleeson,Ciarán Hinds,Elizabeth Berrington,390334
2007,,87 min,7.9,,Richard Schenkman,David Lee Smith,Tony Todd,John Billingsley,Ellen Crawford,174125
2006,UA,141 min,7.9,89,Clint Eastwood,Ken Watanabe,Kazunari Ninomiya,Tsuyoshi Ihara,Ryô Kase,154011
2006,R,117 min,7.9,64,Tarsem Singh,Lee Pace,Catinca Untaru,Justine Waddell,Kim Uylenbroek,107290
2012,U,127 min,7.9,79,Ang Lee,Suraj Sharma,Irrfan Khan,Adil Hussain,Tabu,580708
2009,PG,87 min,7.9,83,Wes Anderson,George Clooney,Meryl Streep,Bill Murray,Jason Schwartzman,199696
2005,,129 min,7.9,81,Jean-Marc Vallée,Michel Côté,Marc-André Grondin,Danielle Proulx,Émile Vallée,31476
2004,PG-13,97 min,7.9,56,Christophe Barratier,Gérard Jugnot,François Berléand,Jean-Baptiste Maunier,Kad Merad,57430
2008,UA,126 min,7.9,79,Jon Favreau,Robert Downey Jr.,Gwyneth Paltrow,Terrence Howard,Jeff Bridges,939644
2004,UA,99 min,7.9,76,Edgar Wright,Simon Pegg,Nick Frost,Kate Ashfield,Lucy Davis,512249
2004,R,121 min,7.9,78,Fatih Akin,Birol Ünel,Sibel Kekilli,Güven Kiraç,Zarah Jane McKenzie,51325
2003,A,138 min,7.9,84,Clint Eastwood,Sean Penn,Tim Robbins,Kevin Bacon,Emmy Rossum,419420
2004,U,142 min,7.9,82,Alfonso Cuarón,Daniel Radcliffe,Emma Watson,Rupert Grint,Richard Griffiths,552493
2002,PG-13,120 min,7.9,85,Yimou Zhang,Jet Li,Tony Chiu-Wai Leung,Maggie Cheung,Ziyi Zhang,173999
2002,R,112 min,7.9,86,Pedro Almodóvar,Rosario Flores,Javier Cámara,Darío Grandinetti,Leonor Watling,104691
2001,R,98 min,7.9,84,Danis Tanovic,Branko Djuric,Rene Bitorajac,Filip Sovagovic,Georges Siatidis,44618
2001,U,115 min,7.9,61,Shin'ichirô Watanabe,Tensai Okamura,Hiroyuki Okiura,Yoshiyuki Takei,Beau Billingslea,42897
2002,UA,119 min,7.9,68,Doug Liman,Franka Potente,Matt Damon,Chris Cooper,Clive Owen,508771
2000,R,114 min,7.9,80,Fabián Bielinsky,Ricardo Darín,Gastón Pauls,Graciela Tenenbaum,María Mercedes Villagra,49721
2006,A,109 min,7.9,84,Alfonso Cuarón,Julianne Moore,Clive Owen,Chiwetel Ejiofor,Michael Caine,465113
2000,A,122 min,7.9,90,Cameron Crowe,Billy Crudup,Patrick Fugit,Kate Hudson,Frances McDormand,252586
2001,R,147 min,7.9,85,David Lynch,Naomi Watts,Laura Harring,Justin Theroux,Jeanne Bates,322031
1999,U,92 min,7.9,88,John Lasseter,Ash Brannon,Lee Unkrich,Tom Hanks,Tim Allen,527512
1997,R,155 min,7.9,85,Paul Thomas Anderson,Mark Wahlberg,Julianne Moore,Burt Reynolds,Luis Guzmán,239473
1995,U,111 min,7.9,75,Yoshifumi Kondô,Yoko Honna,Issey Takahashi,Takashi Tachibana,Shigeru Muroi,51943
1994,A,102 min,7.9,77,Lee Tamahori,Rena Owen,Temuera Morrison,Mamaengaroa Kerr-Bell,Julian Arahanga,31590
1993,R,119 min,7.9,59,Tony Scott,Christian Slater,Patricia Arquette,Dennis Hopper,Val Kilmer,206918
1993,U,94 min,7.9,85,Krzysztof Kieslowski,Juliette Binoche,Zbigniew Zamachowski,Julie Delpy,Benoît Régent,89836
1993,A,94 min,7.9,,Yoshiaki Kawajiri,Kôichi Yamadera,Emi Shinohara,Takeshi Aono,Osamu Saka,34529
1993,A,144 min,7.9,65,Brian De Palma,Al Pacino,Sean Penn,Penelope Ann Miller,John Leguizamo,201000
1990,U,105 min,7.9,74,Tim Burton,Johnny Depp,Winona Ryder,Dianne Wiest,Anthony Michael Hall,447368
1989,U,103 min,7.9,97,Jim Sheridan,Daniel Day-Lewis,Brenda Fricker,Alison Whelan,Kirsten Sheridan,68076
1989,PG-13,104 min,7.9,77,Woody Allen,Martin Landau,Woody Allen,Bill Bernstein,Claire Bloom,54670
1987,A,119 min,7.9,79,Brian De Palma,Kevin Costner,Sean Connery,Robert De Niro,Charles Martin Smith,281842
1986,PG-13,107 min,7.9,90,Woody Allen,Mia Farrow,Dianne Wiest,Michael Caine,Barbara Hershey,67176
1985,U,132 min,7.9,84,Terry Gilliam,Jonathan Pryce,Kim Greist,Robert De Niro,Katherine Helmond,187567
1984,R,82 min,7.9,92,Rob Reiner,Rob Reiner,Michael McKean,Christopher Guest,Kimberly Stringer,128812
1983,U,93 min,7.9,77,Bob Clark,Peter Billingsley,Melinda Dillon,Darren McGavin,Scott Schwartz,132947
1980,U,133 min,7.9,60,John Landis,John Belushi,Dan Aykroyd,Cab Calloway,John Candy,183182
1979,R,96 min,7.9,83,Woody Allen,Woody Allen,Diane Keaton,Mariel Hemingway,Michael Murphy,131436
1979,A,123 min,7.9,72,Bob Fosse,Roy Scheider,Jessica Lange,Ann Reinking,Leland Palmer,28223
1978,A,127 min,7.9,71,George A. Romero,David Emge,Ken Foree,Scott H. Reiniger,Gaylen Ross,111512
1976,U,138 min,7.9,84,Alan J. Pakula,Dustin Hoffman,Robert Redford,Jack Warden,Martin Balsam,103031
1973,R,114 min,7.9,76,Alejandro Jodorowsky,Alejandro Jodorowsky,Horacio Salinas,Zamira Saunders,Juan Ferrara,37183
1973,R,123 min,7.9,,Federico Fellini,Magali Noël,Bruno Zanin,Pupella Maggio,Armando Brancia,39897
1972,PG,102 min,7.9,93,Luis Buñuel,Fernando Rey,Delphine Seyrig,Paul Frankeur,Bulle Ogier,38737
1972,,95 min,7.9,,Werner Herzog,Klaus Kinski,Ruy Guerra,Helena Rojo,Del Negro,52397
1971,PG,91 min,7.9,62,Hal Ashby,Ruth Gordon,Bud Cort,Vivian Pickles,Cyril Cusack,70826
1970,U,172 min,7.9,91,Franklin J. Schaffner,George C. Scott,Karl Malden,Stephen Young,Michael Strong,93741
1969,A,145 min,7.9,97,Sam Peckinpah,William Holden,Ernest Borgnine,Robert Ryan,Edmond O'Brien,77401
1968,,96 min,7.9,89,George A. Romero,Duane Jones,Judith O'Dea,Karl Hardman,Marilyn Eastman,116557
1968,PG,134 min,7.9,,Anthony Harvey,Peter O'Toole,Katharine Hepburn,Anthony Hopkins,John Castle,29003
1967,U,110 min,7.9,75,Norman Jewison,Sidney Poitier,Rod Steiger,Warren Oates,Lee Grant,67804
1963,U,113 min,7.9,83,Stanley Donen,Cary Grant,Audrey Hepburn,Walter Matthau,James Coburn,68689
1962,PG-13,126 min,7.9,94,John Frankenheimer,Frank Sinatra,Laurence Harvey,Janet Leigh,Angela Lansbury,71122
1960,A,197 min,7.9,87,Stanley Kubrick,Kirk Douglas,Laurence Olivier,Jean Simmons,Charles Laughton,124339
1960,U,144 min,7.9,,Michelangelo Antonioni,Gabriele Ferzetti,Monica Vitti,Lea Massari,Dominique Blanchar,26542
1959,,90 min,7.9,,Alain Resnais,Emmanuelle Riva,Eiji Okada,Stella Dassas,Pierre Barbaud,28421
1956,U,220 min,7.9,,Cecil B. DeMille,Charlton Heston,Yul Brynner,Anne Baxter,Edward G. Robinson,63560
1956,Passed,119 min,7.9,94,John Ford,John Wayne,Jeffrey Hunter,Vera Miles,Ward Bond,80316
1955,U,118 min,7.9,72,Elia Kazan,James Dean,Raymond Massey,Julie Harris,Burl Ives,40313
1952,PG,85 min,7.9,89,Fred Zinnemann,Gary Cooper,Grace Kelly,Thomas Mitchell,Lloyd Bridges,97222
1951,A,101 min,7.9,88,Alfred Hitchcock,Farley Granger,Robert Walker,Ruth Roman,Leo G. Carroll,123341
1950,Approved,104 min,7.9,,Henry Koster,James Stewart,Wallace Ford,William H. Lynn,Victoria Horne,52573
1947,,96 min,7.9,88,George Seaton,Edmund Gwenn,Maureen O'Hara,John Payne,Gene Lockhart,41625
1946,U,102 min,7.9,100,Alfred Hitchcock,Cary Grant,Ingrid Bergman,Claude Rains,Louis Calhern,92306
1946,Passed,114 min,7.9,,Howard Hawks,Humphrey Bogart,Lauren Bacall,John Ridgely,Martha Vickers,78796
1945,Passed,101 min,7.9,,Billy Wilder,Ray Milland,Jane Wyman,Phillip Terry,Howard Da Silva,33549
1940,,112 min,7.9,96,George Cukor,Cary Grant,Katharine Hepburn,James Stewart,Ruth Hussey,63550
1940,Passed,92 min,7.9,,Howard Hawks,Cary Grant,Rosalind Russell,Ralph Bellamy,Gene Lockhart,53667
1938,PG,102 min,7.9,97,Michael Curtiz,William Keighley,Errol Flynn,Olivia de Havilland,Basil Rathbone,47175
1935,Passed,96 min,7.9,,Sam Wood,Edmund Goulding,Groucho Marx,Chico Marx,Harpo Marx,30580
1933,Passed,100 min,7.9,90,Merian C. Cooper,Ernest B. Schoedsack,Fay Wray,Robert Armstrong,Bruce Cabot,78991
1932,,64 min,7.9,80,Tod Browning,Wallace Ford,Leila Hyams,Olga Baclanova,Roscoe Ates,42117
1922,,94 min,7.9,,F.W. Murnau,Max Schreck,Alexander Granach,Gustav von Wangenheim,Greta Schröder,88794
2019,A,113 min,7.8,51,Guy Ritchie,Matthew McConaughey,Charlie Hunnam,Michelle Dockery,Jeremy Strong,237392
2018,UA,138 min,7.8,,Meghna Gulzar,Alia Bhatt,Vicky Kaushal,Rajit Kapoor,Shishir Sharma,25344
2019,R,120 min,7.8,81,Darius Marder,Riz Ahmed,Olivia Cooke,Paul Raci,Lauren Ridloff,27187
2016,UA,124 min,7.8,85,Asghar Farhadi,Shahab Hosseini,Taraneh Alidoosti,Babak Karimi,Mina Sadati,51240
2017,UA,106 min,7.8,94,Christopher Nolan,Fionn Whitehead,Barry Keoghan,Mark Rylance,Tom Hardy,555092
2016,,96 min,7.8,,Paolo Genovese,Giuseppe Battiston,Anna Foglietta,Marco Giallini,Edoardo Leo,57168
2016,UA,127 min,7.8,74,Theodore Melfi,Taraji P. Henson,Octavia Spencer,Janelle Monáe,Kevin Costner,200876
2017,U,103 min,7.8,88,Paul King,Ben Whishaw,Hugh Grant,Hugh Bonneville,Sally Hawkins,61594
2016,A,148 min,7.8,,Abhishek Chaubey,Shahid Kapoor,Alia Bhatt,Kareena Kapoor,Diljit Dosanjh,27175
2016,PG,101 min,7.8,84,Travis Knight,Charlize Theron,Art Parkinson,Matthew McConaughey,Ralph Fiennes,118035
2016,U,184 min,7.8,,Neeraj Pandey,Sushant Singh Rajput,Kiara Advani,Anupam Kher,Disha Patani,40416
2016,UA,137 min,7.8,96,Kenneth Lonergan,Casey Affleck,Michelle Williams,Kyle Chandler,Lucas Hedges,246963
2015,R,100 min,7.8,75,Martin Zandvliet,Roland Møller,Louis Hofmann,Joel Basman,Mikkel Boe Følsgaard,35539
2016,UA,133 min,7.8,65,Gareth Edwards,Felicity Jones,Diego Luna,Alan Tudyk,Donnie Yen,556608
2016,UA,147 min,7.8,75,Anthony Russo,Joe Russo,Chris Evans,Robert Downey Jr.,Scarlett Johansson,663649
2015,A,168 min,7.8,68,Quentin Tarantino,Samuel L. Jackson,Kurt Russell,Jennifer Jason Leigh,Walton Goggins,517059
2019,U,135 min,7.8,91,Greta Gerwig,Saoirse Ronan,Emma Watson,Florence Pugh,Eliza Scanlen,143250
2017,UA,94 min,7.8,62,Dorota Kobiela,Hugh Welchman,Douglas Booth,Jerome Flynn,Robert Gulaczyk,50778
2014,R,119 min,7.8,79,Matthew Warchus,Bill Nighy,Imelda Staunton,Dominic West,Paddy Considine,51841
2013,PG-13,130 min,7.8,85,Asghar Farhadi,Bérénice Bejo,Tahar Rahim,Ali Mosaffa,Pauline Burlet,45002
2013,,141 min,7.8,86,Paolo Sorrentino,Toni Servillo,Carlo Verdone,Sabrina Ferilli,Carlo Buccirosso,81125
2013,U,104 min,7.8,76,Ritesh Batra,Irrfan Khan,Nimrat Kaur,Nawazuddin Siddiqui,Lillete Dubey,50523
2012,UA,126 min,7.8,,Shoojit Sircar,Ayushmann Khurrana,Yami Gautam,Annu Kapoor,Dolly Ahluwalia,39710
2014,U,102 min,7.8,74,Don Hall,Chris Williams,Ryan Potter,Scott Adsit,Jamie Chung,410983
2013,R,123 min,7.8,55,Richard Curtis,Domhnall Gleeson,Rachel McAdams,Bill Nighy,Lydia Wilson,303032
2012,U,134 min,7.8,,Gauri Shinde,Sridevi,Adil Hussain,Mehdi Nebbou,Priya Anand,33618
2013,PG-13,126 min,7.8,83,Hayao Miyazaki,Hideaki Anno,Hidetoshi Nishijima,Miori Takimoto,Masahiko Nishimura,73690
2019,U,100 min,7.8,84,Josh Cooley,Tom Hanks,Tim Allen,Annie Potts,Tony Hale,203177
2013,R,131 min,7.8,49,Giuseppe Tornatore,Geoffrey Rush,Jim Sturgess,Sylvia Hoeks,Donald Sutherland,108399
2012,A,94 min,7.8,84,Wes Anderson,Jared Gilman,Kara Hayward,Bruce Willis,Bill Murray,318789
2014,U,102 min,7.8,76,Dean DeBlois,Jay Baruchel,Cate Blanchett,Gerard Butler,Craig Ferguson,305611
2015,A,130 min,7.8,81,Adam McKay,Christian Bale,Steve Carell,Ryan Gosling,Brad Pitt,362942
2010,,106 min,7.8,,Tetsuya Nakashima,Takako Matsu,Yoshino Kimura,Masaki Okada,Yukito Nishii,35713
2010,,144 min,7.8,67,Jee-woon Kim,Lee Byung-Hun,Choi Min-sik,Jeon Gook-Hwan,Ho-jin Chun,111252
2011,R,158 min,7.8,71,David Fincher,Daniel Craig,Rooney Mara,Christopher Plummer,Stellan Skarsgård,423010
2013,UA,134 min,7.8,82,Paul Greengrass,Tom Hanks,Barkhad Abdi,Barkhad Abdirahman,Catherine Keener,421244
2010,R,119 min,7.8,,Jeong-beom Lee,Won Bin,Sae-ron Kim,Tae-hoon Kim,Hee-won Kim,62848
2015,R,147 min,7.8,72,F. Gary Gray,O'Shea Jackson Jr.,Corey Hawkins,Jason Mitchell,Neil Brown Jr.,179264
2009,R,129 min,7.8,79,Bong Joon Ho,Hye-ja Kim,Won Bin,Jin Goo,Je-mun Yun,52758
2008,,125 min,7.8,64,Hong-jin Na,Kim Yoon-seok,Jung-woo Ha,Yeong-hie Seo,Yoo-Jeong Kim,58468
2013,UA,161 min,7.8,66,Peter Jackson,Ian McKellen,Martin Freeman,Richard Armitage,Ken Stott,601408
2009,UA,144 min,7.8,82,Michael Haneke,Christian Friedel,Ernst Jacobi,Leonie Benesch,Ulrich Tukur,68715
2009,R,152 min,7.8,76,Niels Arden Oplev,Michael Nyqvist,Noomi Rapace,Ewa Fröling,Lena Endre,208994
2020,R,129 min,7.8,77,Aaron Sorkin,Eddie Redmayne,Alex Sharp,Sacha Baron Cohen,Jeremy Strong,89896
2020,,117 min,7.8,81,Thomas Vinterberg,Mads Mikkelsen,Thomas Bo Larsen,Magnus Millang,Lars Ranthe,33931
2010,UA,116 min,7.8,79,David O. Russell,Mark Wahlberg,Christian Bale,Amy Adams,Melissa Leo,340584
2008,A,90 min,7.8,51,Pierre Morel,Liam Neeson,Maggie Grace,Famke Janssen,Leland Orser,564791
2008,PG-13,94 min,7.8,55,Mark Herman,Asa Butterfield,David Thewlis,Rupert Friend,Zac Mattoon O'Brien,190748
2007,R,86 min,7.8,88,John Carney,Glen Hansard,Markéta Irglová,Hugh Walsh,Gerard Hendrick,110656
2012,UA,169 min,7.8,58,Peter Jackson,Martin Freeman,Ian McKellen,Richard Armitage,Andy Serkis,757377
2007,,122 min,7.8,85,Fatih Akin,Baki Davrak,Nurgül Yesilçay,Tuncel Kurtiz,Nursel Köse,30827
2007,R,123 min,7.8,85,Joe Wright,Keira Knightley,James McAvoy,Brenda Blethyn,Saoirse Ronan,251370
2011,A,100 min,7.8,78,Nicolas Winding Refn,Ryan Gosling,Carey Mulligan,Bryan Cranston,Albert Brooks,571571
2007,A,157 min,7.8,76,Ridley Scott,Denzel Washington,Russell Crowe,Chiwetel Ejiofor,Josh Brolin,392449
2009,UA,162 min,7.8,83,James Cameron,Sam Worthington,Zoe Saldana,Sigourney Weaver,Michelle Rodriguez,1118998
2009,R,141 min,7.8,63,Jaco Van Dormael,Jared Leto,Sarah Polley,Diane Kruger,Linh Dan Pham,216421
2006,A,139 min,7.8,68,Mel Gibson,Gerardo Taracena,Raoul Max Trujillo,Dalia Hernández,Rudy Youngblood,291018
2006,UA,101 min,7.8,80,Jonathan Dayton,Valerie Faris,Steve Carell,Toni Collette,Greg Kinnear,439856
2007,UA,121 min,7.8,81,Edgar Wright,Simon Pegg,Nick Frost,Martin Freeman,Bill Nighy,463466
2008,UA,166 min,7.8,70,David Fincher,Brad Pitt,Cate Blanchett,Tilda Swinton,Julia Ormond,589160
2004,U,192 min,7.8,67,Yash Chopra,Shah Rukh Khan,Preity Zinta,Rani Mukerji,Kirron Kher,49050
2005,R,94 min,7.8,51,Anders Thomas Jensen,Ulrich Thomsen,Mads Mikkelsen,Nicolas Bro,Paprika Steen,45717
2005,PG,129 min,7.8,82,Joe Wright,Keira Knightley,Matthew Macfadyen,Brenda Blethyn,Donald Sutherland,258924
2005,U,127 min,7.8,68,Roger Donaldson,Anthony Hopkins,Diane Ladd,Iain Rea,Tessa Mitchell,51980
2003,UA,90 min,7.8,73,Satoshi Kon,Shôgo Furuya,Tôru Emori,Yoshiaki Umegaki,Aya Okamoto,31658
2005,PG-13,119 min,7.8,74,Joss Whedon,Nathan Fillion,Gina Torres,Chiwetel Ejiofor,Alan Tudyk,283310
2005,PG-13,136 min,7.8,72,James Mangold,Joaquin Phoenix,Reese Witherspoon,Ginnifer Goodwin,Robert Patrick,234207
2003,,113 min,7.8,61,Mikael Håfström,Andreas Wilson,Henrik Lundström,Gustaf Skarsgård,Linda Zilliacus,35682
2004,A,123 min,7.8,53,Nick Cassavetes,Gena Rowlands,James Garner,Rachel McAdams,Ryan Gosling,520284
2004,U,126 min,7.8,75,Walter Salles,Gael García Bernal,Rodrigo De la Serna,Mía Maestro,Mercedes Morán,96703
2002,R,109 min,7.8,82,Lukas Moodysson,Oksana Akinshina,Artyom Bogucharskiy,Pavel Ponomaryov,Lyubov Agapova,42673
2003,PG-13,80 min,7.8,91,Sylvain Chomet,Michèle Caucheteux,Jean-Claude Donda,Michel Robin,Monica Viegas,50622
2000,,110 min,7.8,58,Chan-wook Park,Lee Yeong-ae,Lee Byung-Hun,Kang-ho Song,Kim Tae-Woo,26518
2002,PG-13,131 min,7.8,61,Kevin Reynolds,Jim Caviezel,Guy Pearce,Christopher Adamson,JB Blanc,129022
2001,R,99 min,7.8,83,Richard Linklater,Ethan Hawke,Trevor Jack Brooks,Lorelei Linklater,Wiley Wiggins,60684
2000,U,113 min,7.8,48,Boaz Yakin,Denzel Washington,Will Patton,Wood Harris,Ryan Hurst,198089
2000,UA,120 min,7.8,94,Ang Lee,Yun-Fat Chow,Michelle Yeoh,Ziyi Zhang,Chen Chang,253228
1999,R,101 min,7.8,87,Pedro Almodóvar,Cecilia Roth,Marisa Paredes,Candela Peña,Antonia San Juan,89058
2000,UA,143 min,7.8,73,Robert Zemeckis,Tom Hanks,Helen Hunt,Paul Sanchez,Lari White,524235
1999,R,108 min,7.8,44,Troy Duffy,Willem Dafoe,Sean Patrick Flanery,Norman Reedus,David Della Rocco,227143
1999,UA,157 min,7.8,84,Michael Mann,Russell Crowe,Al Pacino,Christopher Plummer,Diane Venora,159886
1999,PG,108 min,7.8,71,Joe Johnston,Jake Gyllenhaal,Chris Cooper,Laura Dern,Chris Owen,82855
2001,U,90 min,7.8,84,Andrew Adamson,Vicky Jenson,Mike Myers,Eddie Murphy,Cameron Diaz,613941
1997,UA,194 min,7.8,75,James Cameron,Leonardo DiCaprio,Kate Winslet,Billy Zane,Kathy Bates,1046089
1997,,103 min,7.8,,Takeshi Kitano,Takeshi Kitano,Kayoko Kishimoto,Ren Osugi,Susumu Terajima,27712
1997,UA,106 min,7.8,64,Andrew Niccol,Ethan Hawke,Uma Thurman,Jude Law,Gore Vidal,280845
1997,UA,129 min,7.8,61,David Fincher,Michael Douglas,Deborah Kara Unger,Sean Penn,James Rebhorn,345096
1996,R,159 min,7.8,76,Lars von Trier,Emily Watson,Stellan Skarsgård,Katrin Cartlidge,Jean-Marc Barr,62428
1994,U,127 min,7.8,70,Tim Burton,Johnny Depp,Martin Landau,Sarah Jessica Parker,Patricia Arquette,164937
1993,U,118 min,7.8,73,Lasse Hallström,Johnny Depp,Leonardo DiCaprio,Juliette Lewis,Mary Steenburgen,215034
1993,R,130 min,7.8,50,George P. Cosmatos,Kevin Jarre,Kurt Russell,Val Kilmer,Sam Elliott,126871
1993,U,101 min,7.8,55,David Mickey Evans,Tom Guiry,Mike Vitar,Art LaFleur,Patrick Renna,78963
1993,U,134 min,7.8,84,James Ivory,Anthony Hopkins,Emma Thompson,John Haycraft,Christopher Reeve,66065
1993,,132 min,7.8,84,Mike Leigh,David Thewlis,Lesley Sharp,Katrin Cartlidge,Greg Cruttwell,34635
1993,U,130 min,7.8,87,Andrew Davis,Harrison Ford,Tommy Lee Jones,Sela Ward,Julianne Moore,267684
1993,R,121 min,7.8,80,Robert De Niro,Robert De Niro,Chazz Palminteri,Lillo Brancato,Francis Capra,128171
1993,PG,76 min,7.8,,Kevin Altieri,Boyd Kirkland,Frank Paur,Dan Riba,Eric Radomski,43690
1992,R,128 min,7.8,,John Woo,Yun-Fat Chow,Tony Chiu-Wai Leung,Teresa Mo,Philip Chan,46700
1991,R,129 min,7.8,68,Jim Jarmusch,Winona Ryder,Gena Rowlands,Lisanne Falk,Alan Randolph Scott,55362
1991,R,98 min,7.8,86,Krzysztof Kieslowski,Irène Jacob,Wladyslaw Kowalski,Halina Gryglaszewska,Kalina Jedrusik,42376
1991,A,112 min,7.8,76,John Singleton,Cuba Gooding Jr.,Laurence Fishburne,Hudhail Al-Amir,Lloyd Avery II,126082
1990,R,107 min,7.8,75,Rob Reiner,James Caan,Kathy Bates,Richard Farnsworth,Frances Sternhagen,184740
1990,U,121 min,7.8,74,Penny Marshall,Robert De Niro,Robin Williams,Julie Kavner,Ruth Nelson,125276
1989,U,103 min,7.8,83,Hayao Miyazaki,Kirsten Dunst,Minami Takayama,Rei Sakuma,Kappei Yamaguchi,124193
1989,R,122 min,7.8,78,Edward Zwick,Matthew Broderick,Denzel Washington,Cary Elwes,Morgan Freeman,122779
1989,R,111 min,7.8,82,John Woo,Yun-Fat Chow,Danny Lee,Sally Yeh,Kong Chu,45624
1989,U,108 min,7.8,57,Robert Zemeckis,Michael J. Fox,Christopher Lloyd,Lea Thompson,Thomas F. Wilson,481918
1988,A,128 min,7.8,65,Alan Parker,Gene Hackman,Willem Dafoe,Frances McDormand,Brad Dourif,88214
1987,A,107 min,7.8,45,John McTiernan,Arnold Schwarzenegger,Carl Weathers,Kevin Peter Hall,Elpidia Carrillo,371387
1987,A,84 min,7.8,72,Sam Raimi,Bruce Campbell,Sarah Berry,Dan Hicks,Kassie Wesley DePaiva,148359
1986,U,103 min,7.8,61,John Hughes,Matthew Broderick,Alan Ruck,Mia Sara,Jeffrey Jones,321382
1986,R,107 min,7.8,75,Jim Jarmusch,Tom Waits,John Lurie,Roberto Benigni,Nicoletta Braschi,47834
1985,U,114 min,7.8,62,Richard Donner,Sean Astin,Josh Brolin,Jeff Cohen,Corey Feldman,244430
1985,U,154 min,7.8,78,Steven Spielberg,Danny Glover,Whoopi Goldberg,Oprah Winfrey,Margaret Avery,78321
1985,UA,97 min,7.8,66,John Hughes,Emilio Estevez,Judd Nelson,Molly Ringwald,Ally Sheedy,357026
1984,UA,141 min,7.8,76,Roland Joffé,Sam Waterston,Haing S. Ngor,John Malkovich,Julian Sands,51585
1984,UA,105 min,7.8,71,Ivan Reitman,Bill Murray,Dan Aykroyd,Sigourney Weaver,Harold Ramis,355413
1983,PG,193 min,7.8,91,Philip Kaufman,Sam Shepard,Scott Glenn,Ed Harris,Dennis Quaid,56235
1982,U,109 min,7.8,73,Martin Scorsese,Robert De Niro,Jerry Lewis,Diahnne Abbott,Sandra Bernhard,88511
1982,U,115 min,7.8,91,Steven Spielberg,Henry Thomas,Drew Barrymore,Peter Coyote,Dee Wallace,372490
1979,A,105 min,7.8,77,Robert Benton,Dustin Hoffman,Meryl Streep,Jane Alexander,Justin Henry,133351
1978,PG,94 min,7.8,93,Terrence Malick,Richard Gere,Brooke Adams,Sam Shepard,Linda Manz,52852
1976,A,135 min,7.8,69,Clint Eastwood,Clint Eastwood,Sondra Locke,Chief Dan George,Bill McKinney,65659
1975,PG,129 min,7.8,91,John Huston,Sean Connery,Michael Caine,Christopher Plummer,Saeed Jaffrey,44917
1974,U,113 min,7.8,85,Francis Ford Coppola,Gene Hackman,John Cazale,Allen Garfield,Frederic Forrest,98611
1973,U,72 min,7.8,73,René Laloux,Barry Bostwick,Jennifer Drake,Eric Baugin,Jean Topart,25229
1973,A,143 min,7.8,80,Fred Zinnemann,Edward Fox,Terence Alexander,Michel Auclair,Alan Badel,37445
1973,PG,94 min,7.8,93,Terrence Malick,Martin Sheen,Sissy Spacek,Warren Oates,Ramon Bieri,66009
1972,A,124 min,7.8,80,Bob Fosse,Liza Minnelli,Michael York,Helmut Griem,Joel Grey,48334
1971,U,100 min,7.8,67,Mel Stuart,Gene Wilder,Jack Albertson,Peter Ostrum,Roy Kinnear,178731
1969,A,113 min,7.8,79,John Schlesinger,Dustin Hoffman,Jon Voight,Sylvia Miles,John McGiver,101124
1967,,108 min,7.8,81,Terence Young,Audrey Hepburn,Alan Arkin,Richard Crenna,Efrem Zimbalist Jr.,27733
1967,,108 min,7.8,63,Stanley Kramer,Spencer Tracy,Sidney Poitier,Katharine Hepburn,Katharine Houghton,39642
1967,A,111 min,7.8,86,Arthur Penn,Warren Beatty,Faye Dunaway,Michael J. Pollard,Gene Hackman,102415
1964,U,170 min,7.8,95,George Cukor,Audrey Hepburn,Rex Harrison,Stanley Holloway,Wilfrid Hyde-White,86525
1964,U,139 min,7.8,88,Robert Stevenson,Julie Andrews,Dick Van Dyke,David Tomlinson,Glynis Johns,158029
1962,G,178 min,7.8,75,Ken Annakin,Andrew Marton,Gerd Oswald,Bernhard Wicki,Darryl F. Zanuck,52141
1962,,105 min,7.8,97,François Truffaut,Jeanne Moreau,Oskar Werner,Henri Serre,Vanna Urbino,37605
1961,A,100 min,7.8,88,Jack Clayton,Deborah Kerr,Peter Wyngarde,Megs Jenkins,Michael Redgrave,27007
1960,U,90 min,7.8,,Jean-Luc Godard,Jean-Paul Belmondo,Jean Seberg,Daniel Boulanger,Henri-Jacques Huet,73251
1948,Passed,133 min,7.8,,Howard Hawks,Arthur Rosson,John Wayne,Montgomery Clift,Joanne Dru,28167
1948,,100 min,7.8,,John Huston,Humphrey Bogart,Edward G. Robinson,Lauren Bacall,Lionel Barrymore,36995
1944,PG,100 min,7.8,,Howard Hawks,Humphrey Bogart,Lauren Bacall,Walter Brennan,Dolores Moran,31053
1943,PG,108 min,7.8,94,Alfred Hitchcock,Teresa Wright,Joseph Cotten,Macdonald Carey,Henry Travers,59556
1939,Passed,96 min,7.8,93,John Ford,John Wayne,Claire Trevor,Andy Devine,John Carradine,43621
1938,,96 min,7.8,98,Alfred Hitchcock,Margaret Lockwood,Michael Redgrave,Paul Lukas,May Whitty,47400
1938,Passed,102 min,7.8,91,Howard Hawks,Katharine Hepburn,Cary Grant,Charles Ruggles,Walter Catlett,55163
1935,,75 min,7.8,95,James Whale,Boris Karloff,Elsa Lanchester,Colin Clive,Valerie Hobson,43542
1933,,69 min,7.8,93,Leo McCarey,Groucho Marx,Harpo Marx,Chico Marx,Zeppo Marx,55581
1932,PG,93 min,7.8,87,Howard Hawks,Richard Rosson,Paul Muni,Ann Dvorak,Karen Morley,25312
1931,Passed,70 min,7.8,91,James Whale,Colin Clive,Mae Clarke,Boris Karloff,John Boles,65341
2018,R,135 min,7.7,96,Alfonso Cuarón,Yalitza Aparicio,Marina de Tavira,Diego Cortina Autrey,Carlos Peralta,140375
2017,,104 min,7.7,85,Francis Lee,Josh O'Connor,Alec Secareanu,Gemma Jones,Ian Hart,25198
2018,R,119 min,7.7,66,David Leitch,Ryan Reynolds,Josh Brolin,Morena Baccarin,Julian Dennison,478586
2017,R,107 min,7.7,73,Taylor Sheridan,Kelsey Asbille,Jeremy Renner,Julia Jones,Teo Briones,205444
2017,R,104 min,7.7,85,Jordan Peele,Daniel Kaluuya,Allison Williams,Bradley Whitford,Catherine Keener,492851
2018,UA,147 min,7.7,86,Christopher McQuarrie,Tom Cruise,Henry Cavill,Ving Rhames,Simon Pegg,291257
2015,PG-13,116 min,7.7,70,Hannes Holm,Rolf Lassgård,Bahar Pars,Filip Berg,Ida Engvoll,47444
2014,R,86 min,7.7,76,Jemaine Clement,Taika Waititi,Jemaine Clement,Taika Waititi,Cori Gonzalez-Macuer,157498
2014,U,103 min,7.7,72,James Simone,Hiromasa Yonebayashi,Sara Takatsuki,Kasumi Arimura,Nanako Matsushima,32798
2014,U,123 min,7.7,72,James Marsh,Eddie Redmayne,Felicity Jones,Tom Prior,Sophie Perry,404182
2014,A,129 min,7.7,60,Matthew Vaughn,Colin Firth,Taron Egerton,Samuel L. Jackson,Michael Caine,590440
2014,UA,126 min,7.7,69,Josh Boone,Shailene Woodley,Ansel Elgort,Nat Wolff,Laura Dern,344312
2015,PG-13,105 min,7.7,74,Alfonso Gomez-Rejon,Thomas Mann,RJ Cyler,Olivia Cooke,Nick Offerman,123210
2014,A,119 min,7.7,87,Alejandro G. Iñárritu,Michael Keaton,Zach Galifianakis,Edward Norton,Andrea Riseborough,580291
2013,A,180 min,7.7,89,Abdellatif Kechiche,Léa Seydoux,Adèle Exarchopoulos,Salim Kechiouche,Aurélien Recoing,138741
2013,U,130 min,7.7,40,Abhishek Kapoor,Amit Sadh,Sushant Singh Rajput,Rajkummar Rao,Amrita Puri,32628
2012,,111 min,7.7,70,Felix van Groeningen,Veerle Baetens,Johan Heldenbergh,Nell Cattrysse,Geert Van Rampelberg,39379
2014,UA,136 min,7.7,70,Anthony Russo,Joe Russo,Chris Evans,Samuel L. Jackson,Scarlett Johansson,736182
2011,UA,159 min,7.7,,Imtiaz Ali,Ranbir Kapoor,Nargis Fakhri,Shammi Kapoor,Kumud Mishra,39501
2013,UA,115 min,7.7,87,Alexander Payne,Bruce Dern,Will Forte,June Squibb,Bob Odenkirk,112298
2012,U,101 min,7.7,72,Rich Moore,John C. Reilly,Jack McBrayer,Jane Lynch,Sarah Silverman,380195
2015,PG,108 min,7.7,70,Mark Osborne,Jeff Bridges,Mackenzie Foy,Rachel McAdams,Marion Cotillard,56720
2011,,98 min,7.7,52,Tony Kaye,Adrien Brody,Christina Hendricks,Marcia Gay Harden,Lucy Liu,77071
2011,PG-13,96 min,7.7,81,Woody Allen,Owen Wilson,Rachel McAdams,Kathy Bates,Kurt Fuller,388089
2014,U,100 min,7.7,83,Christopher Miller,Phil Lord,Chris Pratt,Will Ferrell,Elizabeth Banks,323982
2013,UA,91 min,7.7,96,Alfonso Cuarón,Sandra Bullock,George Clooney,Ed Harris,Orto Ignatiussen,769145
2013,UA,132 min,7.7,72,J.J. Abrams,Chris Pine,Zachary Quinto,Zoe Saldana,Benedict Cumberbatch,463188
2015,,137 min,7.7,79,Cary Joji Fukunaga,Abraham Attah,Emmanuel Affadzi,Ricky Adelayitor,Andrew Adote,73964
2010,UA,120 min,7.7,95,David Fincher,Jesse Eisenberg,Andrew Garfield,Justin Timberlake,Rooney Mara,624982
2011,UA,131 min,7.7,65,Matthew Vaughn,James McAvoy,Michael Fassbender,Jennifer Lawrence,Kevin Bacon,645512
2009,UA,100 min,7.7,73,Todd Phillips,Zach Galifianakis,Bradley Cooper,Justin Bartha,Ed Helms,717559
2012,UA,143 min,7.7,81,Sam Mendes,Daniel Craig,Javier Bardem,Naomie Harris,Judi Dench,630614
2012,A,122 min,7.7,81,David O. Russell,Bradley Cooper,Jennifer Lawrence,Robert De Niro,Jacki Weaver,661871
2012,A,120 min,7.7,86,Ben Affleck,Ben Affleck,Bryan Cranston,John Goodman,Alan Arkin,572581
2009,UA,95 min,7.7,76,Marc Webb,Zooey Deschanel,Joseph Gordon-Levitt,Geoffrey Arend,Chloë Grace Moretz,472242
2010,A,146 min,7.7,65,David Yates,Daniel Radcliffe,Emma Watson,Rupert Grint,Bill Nighy,479120
2008,U,101 min,7.7,86,Hayao Miyazaki,Cate Blanchett,Matt Damon,Liam Neeson,Tomoko Yamaguchi,125317
2008,R,122 min,7.7,80,Ron Howard,Frank Langella,Michael Sheen,Kevin Bacon,Sam Rockwell,103330
2006,U,90 min,7.7,81,Satoshi Kon,Megumi Hayashibara,Tôru Emori,Katsunosuke Hori,Tôru Furuya,71379
2008,R,141 min,7.7,63,Clint Eastwood,Angelina Jolie,Colm Feore,Amy Ryan,Gattlin Griffith,239203
2010,PG,90 min,7.7,45,Rob Reiner,Madeline Carroll,Callan McAuliffe,Rebecca De Mornay,Anthony Edwards,81446
2006,U,98 min,7.7,,Mamoru Hosoda,Riisa Naka,Takuya Ishida,Mitsutaka Itakura,Ayami Kakiuchi,60368
2006,,126 min,7.7,,Shûsuke Kaneko,Tatsuya Fujiwara,Ken'ichi Matsuyama,Asaka Seto,Yû Kashii,28630
2006,,101 min,7.7,86,Shane Meadows,Thomas Turgoose,Stephen Graham,Jo Hartley,Andrew Shim,115576
2014,UA,108 min,7.7,78,Alex Garland,Alicia Vikander,Domhnall Gleeson,Oscar Isaac,Sonoya Mizuno,474141
2006,R,120 min,7.7,78,Susanne Bier,Mads Mikkelsen,Sidse Babett Knudsen,Rolf Lassgård,Neeral Mulchandani,32001
2006,R,123 min,7.7,74,Kevin Macdonald,James McAvoy,Forest Whitaker,Gillian Anderson,Kerry Washington,175355
2007,UA,157 min,7.7,78,David Fincher,Jake Gyllenhaal,Robert Downey Jr.,Mark Ruffalo,Anthony Edwards,466080
2006,R,110 min,7.7,53,Paul McGuigan,Josh Hartnett,Ben Kingsley,Morgan Freeman,Lucy Liu,299524
2005,PG-13,116 min,7.7,70,Christian Carion,Diane Kruger,Benno Fürmann,Guillaume Canet,Natalie Dessay,28003
2007,R,122 min,7.7,78,Anton Corbijn,Sam Riley,Samantha Morton,Craig Parkinson,Alexandra Maria Lara,61609
2010,U,100 min,7.7,71,Nathan Greno,Byron Howard,Mandy Moore,Zachary Levi,Donna Murphy,405922
2006,R,145 min,7.7,71,Paul Verhoeven,Carice van Houten,Sebastian Koch,Thom Hoffman,Halina Reijn,72643
2005,A,134 min,7.7,87,Ang Lee,Jake Gyllenhaal,Heath Ledger,Michelle Williams,Randy Quaid,323103
2007,A,122 min,7.7,76,James Mangold,Russell Crowe,Christian Bale,Ben Foster,Logan Lerman,288797
2004,UA,112 min,7.7,66,Paul Haggis,Don Cheadle,Sandra Bullock,Thandie Newton,Karina Arroyave,419483
2004,UA,99 min,7.7,78,Stephen Chow,Stephen Chow,Wah Yuen,Qiu Yuen,Siu-Lung Leung,127250
2004,A,108 min,7.7,73,Paul Greengrass,Matt Damon,Franka Potente,Joan Allen,Brian Cox,434841
2004,R,101 min,7.7,61,Brad Anderson,Christian Bale,Jennifer Jason Leigh,Aitana Sánchez-Gijón,John Sharian,358432
2004,A,152 min,7.7,73,Taylor Hackford,Jamie Foxx,Regina King,Kerry Washington,Clifton Powell,138356
2003,UA,102 min,7.7,89,Sofia Coppola,Bill Murray,Scarlett Johansson,Giovanni Ribisi,Anna Faris,415074
2005,UA,157 min,7.7,81,Mike Newell,Daniel Radcliffe,Emma Watson,Rupert Grint,Eric Sykes,548619
2004,UA,146 min,7.7,47,Tony Scott,Denzel Washington,Christopher Walken,Dakota Fanning,Radha Mitchell,329592
2009,U,100 min,7.7,80,Henry Selick,Dakota Fanning,Teri Hatcher,John Hodgman,Jennifer Saunders,197761
2003,UA,154 min,7.7,55,Edward Zwick,Tom Cruise,Ken Watanabe,Billy Connolly,William Atherton,400049
2002,R,114 min,7.7,83,Peter Mullan,Eileen Walsh,Dorothy Duffy,Nora-Jane Noone,Anne-Marie Duff,25938
2003,R,121 min,7.7,68,Wolfgang Becker,Daniel Brühl,Katrin Saß,Chulpan Khamatova,Florian Lukas,137981
2002,PG-13,105 min,7.7,76,Jim Sheridan,Paddy Considine,Samantha Morton,Djimon Hounsou,Sarah Bolger,40403
2001,PG-13,132 min,7.7,28,Jessie Nelson,Sean Penn,Michelle Pfeiffer,Dakota Fanning,Dianne Wiest,142863
2002,R,115 min,7.7,83,Spike Jonze,Nicolas Cage,Meryl Streep,Chris Cooper,Tilda Swinton,178565
2001,A,144 min,7.7,74,Ridley Scott,Josh Hartnett,Ewan McGregor,Tom Sizemore,Eric Bana,364254
2002,A,117 min,7.7,72,Sam Mendes,Tom Hanks,Tyler Hoechlin,Rob Maxey,Liam Aiken,246840
2001,R,120 min,7.7,60,Oliver Hirschbiegel,Moritz Bleibtreu,Christian Berkel,Oliver Stokowski,Wotan Wilke Möhring,90842
2000,R,110 min,7.7,74,Stephen Daldry,Jamie Bell,Julie Walters,Jean Heywood,Jamie Draven,126770
2001,R,95 min,7.7,85,John Cameron Mitchell,John Cameron Mitchell,Miriam Shor,Stephen Trask,Theodore Liscinski,31957
2001,UA,116 min,7.7,74,Steven Soderbergh,George Clooney,Brad Pitt,Julia Roberts,Matt Damon,516372
2000,U,103 min,7.7,62,Yoshiaki Kawajiri,Andrew Philpot,John Rafter Lee,Pamela Adlon,Wendee Lee,29210
2000,U,107 min,7.7,69,Joel Coen,Ethan Coen,George Clooney,John Turturro,Tim Blake Nelson,286742
2002,R,116 min,7.7,,Bob Gale,James Marsden,Gary Oldman,Kurt Russell,Matthew Edison,29999
1999,A,81 min,7.7,73,Trey Parker,Trey Parker,Matt Stone,Mary Kay Bergman,Isaac Hayes,192112
1999,R,89 min,7.7,68,Mike Judge,Ron Livingston,Jennifer Aniston,David Herman,Ajay Naidu,241575
1998,,134 min,7.7,81,Todd Solondz,Jane Adams,Jon Lovitz,Philip Seymour Hoffman,Dylan Baker,66408
2001,A,122 min,7.7,69,Antoine Fuqua,Denzel Washington,Ethan Hawke,Scott Glenn,Tom Berenger,390247
1998,UA,93 min,7.7,86,Wes Anderson,Jason Schwartzman,Bill Murray,Olivia Williams,Seymour Cassel,169229
1997,U,119 min,7.7,,Alejandro Amenábar,Eduardo Noriega,Penélope Cruz,Chete Lera,Fele Martínez,64082
1999,R,113 min,7.7,90,Spike Jonze,John Cusack,Cameron Diaz,Catherine Keener,John Malkovich,312542
1997,A,139 min,7.7,67,James L. Brooks,Jack Nicholson,Helen Hunt,Greg Kinnear,Cuba Gooding Jr.,275755
1997,UA,126 min,7.7,52,Luc Besson,Bruce Willis,Milla Jovovich,Gary Oldman,Ian Holm,434125
1998,PG-13,80 min,7.7,73,Francis Veber,Thierry Lhermitte,Jacques Villeret,Francis Huster,Daniel Prévost,37424
1997,A,127 min,7.7,76,Mike Newell,Al Pacino,Johnny Depp,Michael Madsen,Bruno Kirby,279318
1996,U,105 min,7.7,87,Scott Hicks,Geoffrey Rush,Armin Mueller-Stahl,Justin Braine,Sonia Todd,51350
1996,A,129 min,7.7,47,Gregory Hoblit,Richard Gere,Laura Linney,Edward Norton,John Mahoney,189716
1996,PG-13,242 min,7.7,,Kenneth Branagh,Kenneth Branagh,Julie Christie,Derek Jacobi,Kate Winslet,35991
1995,U,97 min,7.7,83,Alfonso Cuarón,Liesel Matthews,Eleanor Bron,Liam Cunningham,Rusty Schwimmer,32236
1995,UA,99 min,7.7,71,Kar-Wai Wong,Leon Lai,Michelle Reis,Takeshi Kaneshiro,Charlie Yeung,26429
1994,U,108 min,7.7,81,Michael Radford,Massimo Troisi,Massimo Troisi,Philippe Noiret,Maria Grazia Cucinotta,33600
1994,R,92 min,7.7,70,Kevin Smith,Brian O'Halloran,Jeff Anderson,Marilyn Ghigliotti,Lisa Spoonauer,211450
1993,R,188 min,7.7,79,Robert Altman,Andie MacDowell,Julianne Moore,Tim Robbins,Bruce Davison,42275
1993,UA,125 min,7.7,66,Jonathan Demme,Tom Hanks,Denzel Washington,Roberta Maxwell,Buzz Kilman,224169
1992,G,85 min,7.7,64,Brian Henson,Michael Caine,Kermit the Frog,Dave Goelz,Miss Piggy,50298
1992,U,202 min,7.7,73,Spike Lee,Denzel Washington,Angela Bassett,Delroy Lindo,Spike Lee,85819
1992,UA,112 min,7.7,76,Michael Mann,Daniel Day-Lewis,Madeleine Stowe,Russell Means,Eric Schweig,150409
1992,U,94 min,7.7,83,Hayao Miyazaki,Shûichirô Moriyama,Tokiko Katô,Bunshi Katsura Vi,Tsunehiko Kamijô,77798
1992,R,100 min,7.7,82,James Foley,Al Pacino,Jack Lemmon,Alec Baldwin,Alan Arkin,95826
1992,U,138 min,7.7,62,Rob Reiner,Tom Cruise,Jack Nicholson,Demi Moore,Kevin Bacon,235388
1991,PG-13,130 min,7.7,64,Jon Avnet,Kathy Bates,Jessica Tandy,Mary Stuart Masterson,Mary-Louise Parker,66941
1991,U,116 min,7.7,69,Joel Coen,Ethan Coen,John Turturro,John Goodman,Judy Davis,113240
1990,R,115 min,7.7,66,Joel Coen,Ethan Coen,Gabriel Byrne,Albert Finney,John Turturro,125822
1988,U,104 min,7.7,83,Robert Zemeckis,Bob Hoskins,Christopher Lloyd,Joanna Cassidy,Charles Fleischer,182009
1988,,107 min,7.7,,George Sluizer,Bernard-Pierre Donnadieu,Gene Bervoets,Johanna ter Steege,Gwen Eckhaus,33982
1987,R,107 min,7.7,84,Bruce Robinson,Richard E. Grant,Paul McGann,Richard Griffiths,Ralph Brown,40396
1987,U,163 min,7.7,76,Bernardo Bertolucci,John Lone,Joan Chen,Peter O'Toole,Ruocheng Ying,94326
1987,U,153 min,7.7,62,Steven Spielberg,Christian Bale,John Malkovich,Miranda Richardson,Nigel Havers,115677
1986,R,130 min,7.7,54,Jean-Jacques Annaud,Sean Connery,Christian Slater,Helmut Qualtinger,Elya Baskin,102031
1986,A,120 min,7.7,76,David Lynch,Isabella Rossellini,Kyle MacLachlan,Dennis Hopper,Laura Dern,181285
1985,U,82 min,7.7,75,Woody Allen,Mia Farrow,Jeff Daniels,Danny Aiello,Irving Metzman,47102
1985,UA,97 min,7.7,90,Martin Scorsese,Griffin Dunne,Rosanna Arquette,Verna Bloom,Tommy Chong,59635
1983,PG,79 min,7.7,,Woody Allen,Woody Allen,Mia Farrow,Patrick Horgan,John Buckwalter,39881
1982,U,129 min,7.7,77,Sidney Lumet,Paul Newman,Charlotte Rampling,Jack Warden,James Mason,36096
1982,U,113 min,7.7,67,Nicholas Meyer,William Shatner,Leonard Nimoy,DeForest Kelley,James Doohan,112704
1982,A,93 min,7.7,61,Ted Kotcheff,Sylvester Stallone,Brian Dennehy,Richard Crenna,Bill McKinney,226541
1980,U,124 min,7.7,86,Robert Redford,Donald Sutherland,Mary Tyler Moore,Judd Hirsch,Timothy Hutton,47099
1980,U,88 min,7.7,78,Jim Abrahams,David Zucker,Jerry Zucker,Robert Hays,Julie Hagerty,214882
1979,U,100 min,7.7,71,Hayao Miyazaki,Yasuo Yamada,Eiko Masuyama,Kiyoshi Kobayashi,Makio Inoue,27014
1978,A,91 min,7.7,87,John Carpenter,Donald Pleasence,Jamie Lee Curtis,Tony Moran,Nancy Kyes,233106
1976,R,126 min,7.7,71,Roman Polanski,Roman Polanski,Isabelle Adjani,Melvyn Douglas,Jo Van Fleet,39889
1975,PG,85 min,7.7,89,Woody Allen,Woody Allen,Diane Keaton,Georges Adet,Frank Adu,36037
1974,U,104 min,7.7,68,Joseph Sargent,Walter Matthau,Robert Shaw,Martin Balsam,Hector Elizondo,26729
1974,A,93 min,7.7,73,Mel Brooks,Cleavon Little,Gene Wilder,Slim Pickens,Harvey Korman,125993
1973,A,130 min,7.7,87,Sidney Lumet,Al Pacino,John Randolph,Jack Kehoe,Biff McGuire,109941
1973,A,102 min,7.7,83,Robert Clouse,Bruce Lee,John Saxon,Jim Kelly,Ahna Capri,96561
1972,U,109 min,7.7,80,John Boorman,Jon Voight,Burt Reynolds,Ned Beatty,Ronny Cox,98740
1971,A,104 min,7.7,94,William Friedkin,Gene Hackman,Roy Scheider,Fernando Rey,Tony Lo Bianco,110075
1971,A,102 min,7.7,90,Don Siegel,Clint Eastwood,Andrew Robinson,Harry Guardino,Reni Santoni,143292
1968,U,158 min,7.7,63,Brian G. Hutton,Richard Burton,Clint Eastwood,Mary Ure,Patrick Wymark,51913
1968,G,105 min,7.7,86,Gene Saks,Jack Lemmon,Walter Matthau,John Fiedler,Herb Edelman,31572
1967,,150 min,7.7,73,Robert Aldrich,Lee Marvin,Ernest Borgnine,Charles Bronson,John Cassavetes,67183
1967,A,100 min,7.7,,Luis Buñuel,Catherine Deneuve,Jean Sorel,Michel Piccoli,Geneviève Page,40274
1966,U,120 min,7.7,72,Fred Zinnemann,Paul Scofield,Wendy Hiller,Robert Shaw,Leo McKern,31222
1965,,105 min,7.7,91,Roman Polanski,Catherine Deneuve,Ian Hendry,John Fraser,Yvonne Furneaux,48883
1964,U,138 min,7.7,77,Cy Endfield,Stanley Baker,Jack Hawkins,Ulla Jacobsson,James Booth,35999
1964,A,110 min,7.7,87,Guy Hamilton,Sean Connery,Gert Fröbe,Honor Blackman,Shirley Eaton,174119
1963,A,119 min,7.7,90,Alfred Hitchcock,Rod Taylor,Tippi Hedren,Jessica Tandy,Suzanne Pleshette,171739
1962,Passed,106 min,7.7,76,J. Lee Thompson,Gregory Peck,Robert Mitchum,Polly Bergen,Lori Martin,26457
1960,,101 min,7.7,,Michael Powell,Karlheinz Böhm,Anna Massey,Moira Shearer,Maxine Audley,31354
1960,Approved,128 min,7.7,74,John Sturges,Yul Brynner,Steve McQueen,Charles Bronson,Eli Wallach,87719
1960,,90 min,7.7,90,Georges Franju,Pierre Brasseur,Alida Valli,Juliette Mayniel,Alexandre Rignault,27620
1956,Approved,80 min,7.7,92,Don Siegel,Kevin McCarthy,Dana Wynter,Larry Gates,King Donovan,44839
1955,PG-13,111 min,7.7,89,Nicholas Ray,James Dean,Natalie Wood,Sal Mineo,Jim Backus,83363
1955,,91 min,7.7,91,Alexander Mackendrick,Alec Guinness,Peter Sellers,Cecil Parker,Herbert Lom,26464
1954,Passed,113 min,7.7,72,Billy Wilder,Humphrey Bogart,Audrey Hepburn,William Holden,Walter Hampden,59415
1952,Passed,129 min,7.7,,John Ford,John Wayne,Maureen O'Hara,Barry Fitzgerald,Ward Bond,34677
1951,U,92 min,7.7,,Robert Wise,Michael Rennie,Patricia Neal,Hugh Marlowe,Sam Jaffe,76315
1951,PG,105 min,7.7,91,John Huston,Humphrey Bogart,Katharine Hepburn,Robert Morley,Peter Bull,71481
1946,Approved,110 min,7.7,,Charles Vidor,Rita Hayworth,Glenn Ford,George Macready,Joseph Calleia,27991
1940,G,125 min,7.7,96,James Algar,Samuel Armstrong,Ford Beebe Jr.,Norman Ferguson,David Hand,88662
1933,TV-PG,71 min,7.7,87,James Whale,Claude Rains,Gloria Stuart,William Harrigan,Henry Travers,30683
2019,PG-13,126 min,7.6,73,Todd Haynes,Mark Ruffalo,Anne Hathaway,Tim Robbins,Bill Pullman,60408
2018,U/A,102 min,7.6,71,Aneesh Chaganty,John Cho,Debra Messing,Joseph Lee,Michelle La,140840
2019,A,161 min,7.6,83,Quentin Tarantino,Leonardo DiCaprio,Brad Pitt,Margot Robbie,Emile Hirsch,551309
2017,R,127 min,7.6,86,Andrey Zvyagintsev,Maryana Spivak,Aleksey Rozin,Matvey Novikov,Marina Vasileva,29765
2017,A,111 min,7.6,92,Sean Baker,Brooklynn Prince,Bria Vinaite,Willem Dafoe,Christopher Rivera,95181
2019,A,137 min,7.6,68,Destin Daniel Cretton,Michael B. Jordan,Jamie Foxx,Brie Larson,Charlie Pye Jr.,46739
2017,PG-13,101 min,7.6,60,Marc Webb,Chris Evans,Mckenna Grace,Lindsay Duncan,Octavia Spencer,99643
2019,PG-13,97 min,7.6,70,Tyler Nilson,Michael Schwartz,Zack Gottsagen,Ann Owens,Dakota Johnson,66346
2015,,138 min,7.6,77,Sebastian Schipper,Laia Costa,Frederick Lau,Franz Rogowski,Burak Yigit,52903
2015,PG-13,97 min,7.6,83,Deniz Gamze Ergüven,Günes Sensoy,Doga Zeynep Doguslu,Tugba Sunguroglu,Elit Iscan,35785
2017,UA,136 min,7.6,67,James Gunn,Chris Pratt,Zoe Saldana,Dave Bautista,Vin Diesel,569974
2017,UA,113 min,7.6,86,Edgar Wright,Ansel Elgort,Jon Bernthal,Jon Hamm,Eiza González,439406
2017,UA,134 min,7.6,72,Joseph Kosinski,Josh Brolin,Miles Teller,Jeff Bridges,Jennifer Connelly,58371
2015,UA,142 min,7.6,81,Steven Spielberg,Tom Hanks,Mark Rylance,Alan Alda,Amy Ryan,287659
2018,UA,118 min,7.6,80,Brad Bird,Craig T. Nelson,Holly Hunter,Sarah Vowell,Huck Milner,250057
2016,U,107 min,7.6,81,Ron Clements,John Musker,Don Hall,Chris Williams,Auli'i Cravalho,272784
2015,A,121 min,7.6,82,Denis Villeneuve,Emily Blunt,Josh Brolin,Benicio Del Toro,Jon Bernthal,371291
2015,A,133 min,7.6,82,Ryan Coogler,Michael B. Jordan,Sylvester Stallone,Tessa Thompson,Phylicia Rashad,247666
2014,R,140 min,7.6,92,Andrey Zvyagintsev,Aleksey Serebryakov,Elena Lyadova,Roman Madyanov,Vladimir Vdovichenkov,49397
2016,R,102 min,7.6,88,David Mackenzie,Chris Pine,Ben Foster,Jeff Bridges,Gil Birmingham,204175
2013,PG-13,98 min,7.6,77,Stephen Frears,Judi Dench,Steve Coogan,Sophie Kennedy Clark,Mare Winningham,94212
2014,UA,130 min,7.6,79,Matt Reeves,Gary Oldman,Keri Russell,Andy Serkis,Kodi Smit-McPhee,411599
2012,,112 min,7.6,,Oriol Paulo,Jose Coronado,Hugo Silva,Belén Rueda,Aura Garrido,57549
2011,A,101 min,7.6,73,Gareth Evans,Iko Uwais,Ananda George,Ray Sahetapy,Donny Alamsyah,190531
2012,A,109 min,7.6,68,David Ayer,Jake Gyllenhaal,Michael Peña,Anna Kendrick,America Ferrera,228132
2010,U,94 min,7.6,80,Hiromasa Yonebayashi,Amy Poehler,Mirai Shida,Ryûnosuke Kamiki,Tatsuya Fujiwara,80939
2018,UA,136 min,7.6,88,Bradley Cooper,Lady Gaga,Bradley Cooper,Sam Elliott,Greg Grunberg,334312
2010,PG-13,110 min,7.6,80,Ethan Coen,Joel Coen,Jeff Bridges,Matt Damon,Hailee Steinfeld,311822
2010,R,118 min,7.6,65,Susanne Bier,Mikael Persbrandt,Trine Dyrholm,Markus Rygaard,Wil Johnson,38491
2010,U,95 min,7.6,72,Pierre Coffin,Chris Renaud,Steve Carell,Jason Segel,Russell Brand,500851
2011,R,100 min,7.6,72,Jonathan Levine,Joseph Gordon-Levitt,Seth Rogen,Anna Kendrick,Bryce Dallas Howard,315426
2010,UA,117 min,7.6,66,Matthew Vaughn,Aaron Taylor-Johnson,Nicolas Cage,Chloë Grace Moretz,Garrett M. Brown,524081
2009,,113 min,7.6,,Daniel Monzón,Luis Tosar,Alberto Ammann,Antonio Resines,Manuel Morón,63882
2011,PG-13,133 min,7.6,87,Bennett Miller,Brad Pitt,Robin Wright,Jonah Hill,Philip Seymour Hoffman,369529
2011,R,120 min,7.6,70,Pedro Almodóvar,Antonio Banderas,Elena Anaya,Jan Cornet,Marisa Paredes,138959
2009,A,88 min,7.6,73,Ruben Fleischer,Jesse Eisenberg,Emma Stone,Woody Harrelson,Abigail Breslin,520041
2008,,107 min,7.6,,Dennis Gansel,Jürgen Vogel,Frederick Lau,Max Riemelt,Jennifer Ulrich,102742
2009,PG-13,128 min,7.6,57,Guy Ritchie,Robert Downey Jr.,Jude Law,Rachel McAdams,Mark Strong,583158
2009,UA,129 min,7.6,53,John Lee Hancock,Quinton Aaron,Sandra Bullock,Tim McGraw,Jae Head,293266
2007,PG-13,104 min,7.6,79,Tom McCarthy,Richard Jenkins,Haaz Sleiman,Danai Gurira,Hiam Abbass,41544
2008,UA,123 min,7.6,36,Gabriele Muccino,Will Smith,Rosario Dawson,Woody Harrelson,Michael Ealy,286770
2007,R,100 min,7.6,82,David Cronenberg,Naomi Watts,Viggo Mortensen,Armin Mueller-Stahl,Josef Altin,227760
2007,U,127 min,7.6,66,Matthew Vaughn,Charlie Cox,Claire Danes,Sienna Miller,Ian McKellen,255036
2009,,71 min,7.6,81,Tomm Moore,Nora Twomey,Evan McGuire,Brendan Gleeson,Mick Lally,31779
2006,R,129 min,7.6,76,Spike Lee,Denzel Washington,Clive Owen,Jodie Foster,Christopher Plummer,339757
2007,R,114 min,7.6,72,Ben Affleck,Morgan Freeman,Ed Harris,Casey Affleck,Michelle Monaghan,250590
2007,PG-13,140 min,7.6,66,Olivier Dahan,Marion Cotillard,Sylvie Testud,Pascal Greggory,Emmanuelle Seigner,82781
2006,PG-13,104 min,7.6,70,Ronny Yu,Jet Li,Li Sun,Yong Dong,Yun Qu,72863
2006,U,110 min,7.6,68,Neil Burger,Edward Norton,Jessica Biel,Paul Giamatti,Rufus Sewell,354728
2004,,90 min,7.6,52,Shane Meadows,Paddy Considine,Gary Stretch,Toby Kebbell,Stuart Wolfenden,49728
2009,UA,153 min,7.6,78,David Yates,Daniel Radcliffe,Emma Watson,Rupert Grint,Michael Gambon,474827
2006,A,117 min,7.6,52,Zack Snyder,Gerard Butler,Lena Headey,David Wenham,Dominic West,732876
2005,R,124 min,7.6,72,Woody Allen,Scarlett Johansson,Jonathan Rhys Meyers,Emily Mortimer,Matthew Goode,206294
2009,A,162 min,7.6,56,Zack Snyder,Jackie Earle Haley,Patrick Wilson,Carla Gugino,Malin Akerman,500799
2005,R,122 min,7.6,62,Andrew Niccol,Nicolas Cage,Ethan Hawke,Jared Leto,Bridget Moynahan,294140
2004,UA,103 min,7.6,46,James Wan,Cary Elwes,Leigh Whannell,Danny Glover,Ken Leung,379020
2008,R,124 min,7.6,67,Charlie Kaufman,Philip Seymour Hoffman,Samantha Morton,Michelle Williams,Catherine Keener,83158
2004,R,105 min,7.6,73,Gregg Araki,Brady Corbet,Joseph Gordon-Levitt,Elisabeth Shue,Chase Ellison,65939
2003,R,93 min,7.6,45,Yann Samuell,Guillaume Canet,Marion Cotillard,Thibault Verhaeghe,Joséphine Lebas-Joly,67360
2004,U,133 min,7.6,76,Jean-Pierre Jeunet,Audrey Tautou,Gaspard Ulliel,Jodie Foster,Dominique Pinon,70925
2003,R,89 min,7.6,81,Tom McCarthy,Peter Dinklage,Patricia Clarkson,Bobby Cannavale,Paul Benjamin,67370
2003,UA,124 min,7.6,70,Alejandro G. Iñárritu,Sean Penn,Benicio Del Toro,Naomi Watts,Danny Huston,224545
2002,R,129 min,7.6,56,Chan-wook Park,Kang-ho Song,Shin Ha-kyun,Bae Doona,Ji-Eun Lim,62659
2004,U,106 min,7.6,67,Marc Forster,Johnny Depp,Kate Winslet,Julie Christie,Radha Mitchell,198677
2002,R,135 min,7.6,68,Spike Lee,Edward Norton,Barry Pepper,Philip Seymour Hoffman,Rosario Dawson,169708
2004,U,113 min,7.6,30,Eric Bress,J. Mackye Gruber,Ashton Kutcher,Amy Smart,Melora Walters,451479
2002,A,113 min,7.6,73,Danny Boyle,Cillian Murphy,Naomie Harris,Christopher Eccleston,Alex Palmer,376853
2000,,114 min,7.6,81,Kinji Fukasaku,Tatsuya Fujiwara,Aki Maeda,Tarô Yamamoto,Takeshi Kitano,169091
2001,A,110 min,7.6,76,Wes Anderson,Gene Hackman,Gwyneth Paltrow,Anjelica Huston,Ben Stiller,266842
2001,A,106 min,7.6,88,Alfonso Cuarón,Maribel Verdú,Gael García Bernal,Daniel Giménez Cacho,Ana López Mercado,115827
2001,U,152 min,7.6,64,Chris Columbus,Daniel Radcliffe,Rupert Grint,Richard Harris,Maggie Smith,658185
2001,PG-13,101 min,7.6,74,Alejandro Amenábar,Nicole Kidman,Christopher Eccleston,Fionnula Flanagan,Alakina Mann,337651
2001,R,124 min,7.6,52,Ted Demme,Johnny Depp,Penélope Cruz,Franka Potente,Rachel Griffiths,240714
2001,A,131 min,7.6,53,Jean-Jacques Annaud,Jude Law,Ed Harris,Joseph Fiennes,Rachel Weisz,243729
2002,A,145 min,7.6,80,Steven Spielberg,Tom Cruise,Colin Farrell,Samantha Morton,Max von Sydow,508417
1999,R,146 min,7.6,74,Norman Jewison,Denzel Washington,Vicellous Shannon,Deborah Kara Unger,Liev Schreiber,91557
2000,A,101 min,7.6,64,Mary Harron,Christian Bale,Justin Theroux,Josh Lucas,Bill Sage,490062
1998,UA,81 min,7.6,77,Tom Tykwer,Franka Potente,Moritz Bleibtreu,Herbert Knaup,Nina Petri,188317
1998,A,170 min,7.6,78,Terrence Malick,Jim Caviezel,Sean Penn,Nick Nolte,Kirk Acevedo,172710
1998,U,88 min,7.6,71,Tony Bancroft,Barry Cook,Ming-Na Wen,Eddie Murphy,BD Wong,256906
1998,R,118 min,7.6,41,Terry Gilliam,Johnny Depp,Benicio Del Toro,Tobey Maguire,Michael Lee Gogin,259753
1997,A,108 min,7.6,69,Michael Haneke,Susanne Lothar,Ulrich Mühe,Arno Frisch,Frank Giering,65058
1998,A,100 min,7.6,66,Alex Proyas,Rufus Sewell,Kiefer Sutherland,Jennifer Connelly,William Hurt,187927
1996,UA,147 min,7.6,49,Barry Levinson,Robert De Niro,Kevin Bacon,Brad Pitt,Jason Patric,186734
1997,A,134 min,7.6,52,David Lynch,Bill Pullman,Patricia Arquette,John Roselius,Louis Eppolito,131101
1995,U,136 min,7.6,84,Ang Lee,Emma Thompson,Kate Winslet,James Fleet,Tom Wilkinson,102598
1995,A,128 min,7.6,58,John McTiernan,Bruce Willis,Jeremy Irons,Samuel L. Jackson,Graham Greene,364420
1995,R,121 min,7.6,62,Jim Jarmusch,Johnny Depp,Gary Farmer,Crispin Glover,Lance Henriksen,90442
1995,A,135 min,7.6,69,Clint Eastwood,Clint Eastwood,Meryl Streep,Annie Corley,Victor Slezak,73172
PG,U,140 min,7.6,77,Ron Howard,Tom Hanks,Bill Paxton,Kevin Bacon,Gary Sinise,269197
1994,U,92 min,7.6,88,Krzysztof Kieslowski,Zbigniew Zamachowski,Julie Delpy,Janusz Gajos,Jerzy Stuhr,64390
1993,R,113 min,7.6,56,Joel Schumacher,Michael Douglas,Robert Duvall,Barbara Hershey,Rachel Ticotin,171640
1993,U,102 min,7.6,78,Richard Linklater,Jason London,Wiley Wiggins,Matthew McConaughey,Rory Cochrane,165465
1992,UA,120 min,7.6,68,Jonathan Lynn,Joe Pesci,Marisa Tomei,Ralph Macchio,Mitchell Whitfield,107325
1991,U,118 min,7.6,90,Isao Takahata,Miki Imai,Toshirô Yanagiba,Yoko Honna,Mayumi Izuka,27071
1991,R,99 min,7.6,66,Marc Caro,Jean-Pierre Jeunet,Marie-Laure Dougnac,Dominique Pinon,Pascal Benezech,80487
1990,U,103 min,7.6,63,Chris Columbus,Macaulay Culkin,Joe Pesci,Daniel Stern,John Heard,488817
1990,A,162 min,7.6,60,Francis Ford Coppola,Al Pacino,Diane Keaton,Andy Garcia,Talia Shire,359809
1989,UA,95 min,7.6,76,Rob Reiner,Billy Crystal,Meg Ryan,Carrie Fisher,Bruno Kirby,195663
1989,U,83 min,7.6,88,Ron Clements,John Musker,Jodi Benson,Samuel E. Wright,Rene Auberjonois,237696
1988,U,85 min,7.6,76,David Zucker,Leslie Nielsen,Priscilla Presley,O.J. Simpson,Ricardo Montalban,152871
1987,U,93 min,7.6,72,John Hughes,Steve Martin,John Candy,Laila Robins,Michael McKean,124773
1987,A,109 min,7.6,68,Richard Donner,Mel Gibson,Danny Glover,Gary Busey,Mitchell Ryan,236894
1984,A,99 min,7.6,82,Joel Coen,Ethan Coen,John Getz,Frances McDormand,Dan Hedaya,87745
1981,UA,109 min,7.6,68,Mark Rydell,Katharine Hepburn,Henry Fonda,Jane Fonda,Doug McKeon,27650
1981,A,96 min,7.6,77,George Miller,Mel Gibson,Bruce Spence,Michael Preston,Max Phipps,166588
1979,UA,92 min,7.6,65,Walter Hill,Michael Beck,James Remar,Dorsey Wright,Brian Tyler,93878
1979,U,95 min,7.6,74,James Frawley,Jim Henson,Frank Oz,Jerry Nelson,Richard Hunt,32802
1979,A,112 min,7.6,76,Don Siegel,Clint Eastwood,Patrick McGoohan,Roberts Blossom,Jack Thibeau,121731
1978,U,91 min,7.6,64,Martin Rosen,John Hubley,John Hurt,Richard Briers,Ralph Richardson,33656
1978,A,121 min,7.6,59,Alan Parker,Brad Davis,Irene Miracle,Bo Hopkins,Paolo Bonacelli,73662
1977,U,138 min,7.6,90,Steven Spielberg,Richard Dreyfuss,François Truffaut,Teri Garr,Melinda Dillon,184966
1973,A,112 min,7.6,87,Robert Altman,Elliott Gould,Nina van Pallandt,Sterling Hayden,Mark Rydell,26337
1971,PG,157 min,7.6,77,Sergio Leone,Rod Steiger,James Coburn,Romolo Valli,Maria Monti,30144
1970,GP,144 min,7.6,50,Brian G. Hutton,Clint Eastwood,Telly Savalas,Don Rickles,Carroll O'Connor,45338
1967,U,78 min,7.6,65,Wolfgang Reitherman,Phil Harris,Sebastian Cabot,Louis Prima,Bruce Reitherman,166409
1966,A,111 min,7.6,82,Michelangelo Antonioni,David Hemmings,Vanessa Redgrave,Sarah Miles,John Castle,56513
1964,U,87 min,7.6,96,Richard Lester,John Lennon,Paul McCartney,George Harrison,Ringo Starr,40351
1961,A,115 min,7.6,76,Blake Edwards,Audrey Hepburn,George Peppard,Patricia Neal,Buddy Ebsen,166544
1956,G,201 min,7.6,84,George Stevens,Elizabeth Taylor,Rock Hudson,James Dean,Carroll Baker,34075
1953,Passed,118 min,7.6,85,Fred Zinnemann,Burt Lancaster,Montgomery Clift,Deborah Kerr,Donna Reed,43374
1944,,97 min,7.6,78,Alfred Hitchcock,Tallulah Bankhead,John Hodiak,Walter Slezak,William Bendix,26471
1935,,86 min,7.6,93,Alfred Hitchcock,Robert Donat,Madeleine Carroll,Lucie Mannheim,Godfrey Tearle,51853
